,WnvPresent,Block,Trap,Latitude,Longitude,NumMosquitos,CULEX ERRATICUS,CULEX PIPIENS,CULEX PIPIENS/RESTUANS,CULEX RESTUANS,CULEX SALINARIUS,CULEX TARSALIS,CULEX TERRITANS,Day,Month,Year
0,0,49.0,25.0,41.979243,-87.750938,1.0,0.0,0.0,1.0,0.0,0.0,0.0,0.0,2007.0,10.0,4.0
1,0,82.0,97.0,41.644612,-87.60449799999999,2.0,0.0,1.0,0.0,0.0,0.0,0.0,0.0,2007.0,8.0,22.0
2,0,10.0,900.0,41.974689,-87.890615,17.0,0.0,0.0,1.0,0.0,0.0,0.0,0.0,2013.0,6.0,28.0
3,0,10.0,900.0,41.974689,-87.890615,3.0,0.0,0.0,0.0,1.0,0.0,0.0,0.0,2011.0,9.0,2.0
4,0,63.0,155.0,41.776156,-87.778927,4.0,0.0,0.0,1.0,0.0,0.0,0.0,0.0,2013.0,8.0,22.0
5,0,70.0,151.0,41.916265,-87.800515,3.0,0.0,1.0,0.0,0.0,0.0,0.0,0.0,2011.0,7.0,25.0
6,0,11.0,47.0,41.868142,-87.696269,2.0,0.0,0.0,0.0,1.0,0.0,0.0,0.0,2009.0,7.0,6.0
7,0,10.0,900.0,41.974689,-87.890615,11.0,0.0,0.0,0.0,1.0,0.0,0.0,0.0,2009.0,6.0,3.0
8,0,33.0,44.0,41.883284,-87.705085,3.0,0.0,0.0,1.0,0.0,0.0,0.0,0.0,2007.0,8.0,15.0
9,0,10.0,900.0,41.974689,-87.890615,14.0,0.0,0.0,1.0,0.0,0.0,0.0,0.0,2011.0,9.0,2.0
10,0,11.0,47.0,41.868142,-87.696269,34.0,0.0,0.0,1.0,0.0,0.0,0.0,0.0,2013.0,7.0,12.0
11,0,52.0,70.0,41.797616,-87.797894,6.0,0.0,1.0,0.0,0.0,0.0,0.0,0.0,2007.0,8.0,1.0
12,0,10.0,900.0,41.974689,-87.890615,50.0,0.0,0.0,1.0,0.0,0.0,0.0,0.0,2011.0,6.0,30.0
13,0,11.0,47.0,41.868142,-87.696269,16.0,0.0,0.0,1.0,0.0,0.0,0.0,0.0,2013.0,7.0,25.0
14,0,22.0,69.0,41.768388,-87.678649,17.0,0.0,0.0,1.0,0.0,0.0,0.0,0.0,2013.0,8.0,8.0
15,0,98.0,100.0,41.717753,-87.531657,4.0,0.0,0.0,1.0,0.0,0.0,0.0,0.0,2007.0,8.0,1.0
16,0,71.0,79.0,41.766202,-87.562889,3.0,0.0,0.0,0.0,1.0,0.0,0.0,0.0,2011.0,7.0,25.0
17,0,25.0,46.0,41.891118,-87.65449100000001,2.0,0.0,0.0,0.0,1.0,0.0,0.0,0.0,2013.0,7.0,25.0
18,0,10.0,900.0,41.974689,-87.890615,5.0,0.0,0.0,0.0,1.0,0.0,0.0,0.0,2011.0,8.0,19.0
19,0,61.0,12.0,41.991429,-87.747113,6.0,0.0,0.0,1.0,0.0,0.0,0.0,0.0,2009.0,7.0,17.0
20,0,82.0,225.0,41.743402,-87.731435,50.0,0.0,0.0,1.0,0.0,0.0,0.0,0.0,2009.0,9.0,14.0
21,0,77.0,80.0,41.754676,-87.612922,3.0,0.0,0.0,1.0,0.0,0.0,0.0,0.0,2011.0,9.0,23.0
22,0,36.0,11.0,41.944869,-87.832763,2.0,0.0,0.0,1.0,0.0,0.0,0.0,0.0,2011.0,9.0,12.0
23,0,75.0,148.0,42.01743,-87.68776899999999,1.0,0.0,0.0,0.0,1.0,0.0,0.0,0.0,2011.0,6.0,30.0
24,0,60.0,17.0,41.960615999999995,-87.777189,4.0,0.0,0.0,0.0,1.0,0.0,0.0,0.0,2013.0,7.0,19.0
25,0,68.0,37.0,41.921177,-87.79518,2.0,0.0,0.0,0.0,1.0,0.0,0.0,0.0,2007.0,7.0,2.0
26,0,36.0,11.0,41.944869,-87.832763,17.0,0.0,0.0,1.0,0.0,0.0,0.0,0.0,2011.0,7.0,11.0
27,0,36.0,11.0,41.944869,-87.832763,2.0,0.0,0.0,0.0,1.0,0.0,0.0,0.0,2007.0,8.0,1.0
28,0,80.0,72.0,41.74785,-87.70271600000001,1.0,0.0,1.0,0.0,0.0,0.0,0.0,0.0,2007.0,8.0,1.0
29,0,10.0,89.0,41.723195000000004,-87.64997,1.0,0.0,0.0,0.0,1.0,0.0,0.0,0.0,2011.0,7.0,29.0
30,0,10.0,73.0,41.773215,-87.60088,2.0,0.0,0.0,0.0,1.0,0.0,0.0,0.0,2013.0,7.0,25.0
31,0,12.0,115.0,41.673408,-87.599862,50.0,0.0,1.0,0.0,0.0,0.0,0.0,0.0,2007.0,7.0,25.0
32,0,10.0,88.0,41.869107,-87.69629300000001,1.0,0.0,0.0,1.0,0.0,0.0,0.0,0.0,2007.0,7.0,2.0
33,0,39.0,74.0,41.822536,-87.66634300000001,2.0,0.0,1.0,0.0,0.0,0.0,0.0,0.0,2009.0,6.0,12.0
34,0,39.0,228.0,41.951865999999995,-87.72505699999999,1.0,0.0,0.0,0.0,0.0,0.0,0.0,1.0,2011.0,7.0,15.0
35,0,17.0,94.0,41.720848,-87.666014,3.0,0.0,0.0,0.0,1.0,0.0,0.0,0.0,2009.0,7.0,27.0
36,0,48.0,222.0,41.925197999999995,-87.746381,2.0,0.0,0.0,0.0,1.0,0.0,0.0,0.0,2013.0,8.0,8.0
37,0,40.0,142.0,41.953067,-87.776792,5.0,0.0,1.0,0.0,0.0,0.0,0.0,0.0,2007.0,8.0,7.0
38,0,61.0,13.0,41.923738,-87.785288,1.0,0.0,0.0,1.0,0.0,0.0,0.0,0.0,2009.0,8.0,13.0
39,0,11.0,47.0,41.868142,-87.696269,13.0,0.0,1.0,0.0,0.0,0.0,0.0,0.0,2007.0,8.0,21.0
40,0,39.0,228.0,41.951865999999995,-87.72505699999999,4.0,0.0,0.0,0.0,1.0,0.0,0.0,0.0,2013.0,6.0,7.0
41,0,10.0,138.0,41.726465000000005,-87.585413,17.0,0.0,0.0,1.0,0.0,0.0,0.0,0.0,2007.0,7.0,25.0
42,0,37.0,212.0,41.680946,-87.535198,9.0,0.0,0.0,0.0,1.0,0.0,0.0,0.0,2013.0,8.0,1.0
43,0,10.0,138.0,41.726465000000005,-87.585413,50.0,0.0,1.0,0.0,0.0,0.0,0.0,0.0,2007.0,8.0,28.0
44,0,39.0,228.0,41.951865999999995,-87.72505699999999,1.0,0.0,0.0,0.0,1.0,0.0,0.0,0.0,2013.0,9.0,6.0
45,0,24.0,128.0,41.704572,-87.56566600000001,50.0,0.0,1.0,0.0,0.0,0.0,0.0,0.0,2007.0,8.0,16.0
46,0,13.0,230.0,41.904194,-87.756155,5.0,0.0,0.0,0.0,1.0,0.0,0.0,0.0,2013.0,6.0,21.0
47,0,13.0,200.0,41.678618,-87.559308,2.0,0.0,0.0,0.0,0.0,0.0,0.0,1.0,2007.0,8.0,28.0
48,0,14.0,33.0,41.906638,-87.701431,4.0,0.0,0.0,1.0,0.0,0.0,0.0,0.0,2009.0,9.0,17.0
49,0,10.0,30.0,41.899229999999996,-87.716788,38.0,0.0,0.0,1.0,0.0,0.0,0.0,0.0,2013.0,7.0,19.0
50,0,10.0,900.0,41.974689,-87.890615,50.0,0.0,0.0,1.0,0.0,0.0,0.0,0.0,2009.0,6.0,22.0
51,0,10.0,102.0,41.750498,-87.605294,50.0,0.0,0.0,1.0,0.0,0.0,0.0,0.0,2013.0,7.0,12.0
52,0,36.0,11.0,41.944869,-87.832763,7.0,0.0,0.0,1.0,0.0,0.0,0.0,0.0,2009.0,6.0,5.0
53,0,60.0,6.0,41.990284,-87.797127,17.0,0.0,1.0,0.0,0.0,0.0,0.0,0.0,2007.0,8.0,7.0
54,0,12.0,115.0,41.673408,-87.599862,50.0,0.0,0.0,0.0,1.0,0.0,0.0,0.0,2013.0,7.0,12.0
55,0,75.0,148.0,42.01743,-87.68776899999999,2.0,0.0,1.0,0.0,0.0,0.0,0.0,0.0,2007.0,9.0,18.0
56,0,82.0,225.0,41.743402,-87.731435,2.0,0.0,1.0,0.0,0.0,0.0,0.0,0.0,2011.0,7.0,29.0
57,0,11.0,90.0,41.868077,-87.666901,34.0,0.0,0.0,0.0,1.0,0.0,0.0,0.0,2013.0,7.0,19.0
58,0,53.0,141.0,41.961743,-87.76007,2.0,0.0,0.0,1.0,0.0,0.0,0.0,0.0,2007.0,8.0,24.0
59,0,90.0,226.0,41.793818,-87.654234,5.0,0.0,1.0,0.0,0.0,0.0,0.0,0.0,2011.0,9.0,1.0
60,0,46.0,3.0,41.964242,-87.757639,1.0,0.0,0.0,0.0,1.0,0.0,0.0,0.0,2007.0,8.0,1.0
61,0,63.0,155.0,41.776156,-87.778927,1.0,0.0,0.0,1.0,0.0,0.0,0.0,0.0,2013.0,6.0,7.0
62,0,90.0,226.0,41.793818,-87.654234,2.0,0.0,0.0,1.0,0.0,0.0,0.0,0.0,2013.0,6.0,28.0
63,0,12.0,115.0,41.673408,-87.599862,5.0,0.0,0.0,1.0,0.0,0.0,0.0,0.0,2011.0,8.0,26.0
64,0,33.0,95.0,41.704336,-87.70373599999999,1.0,0.0,0.0,1.0,0.0,0.0,0.0,0.0,2007.0,7.0,2.0
65,0,24.0,128.0,41.704572,-87.56566600000001,48.0,0.0,0.0,1.0,0.0,0.0,0.0,0.0,2013.0,8.0,22.0
66,0,40.0,221.0,41.659112,-87.53869300000001,13.0,0.0,1.0,0.0,0.0,0.0,0.0,0.0,2007.0,8.0,28.0
67,0,10.0,900.0,41.974689,-87.890615,11.0,0.0,0.0,1.0,0.0,0.0,0.0,0.0,2009.0,8.0,7.0
68,0,37.0,212.0,41.680946,-87.535198,1.0,0.0,0.0,1.0,0.0,0.0,0.0,0.0,2009.0,8.0,25.0
69,0,22.0,86.0,41.688324,-87.676709,2.0,0.0,0.0,1.0,0.0,0.0,0.0,0.0,2007.0,10.0,4.0
70,0,28.0,147.0,41.932094,-87.700117,13.0,0.0,0.0,1.0,0.0,0.0,0.0,0.0,2009.0,7.0,10.0
71,0,12.0,115.0,41.673408,-87.599862,50.0,0.0,1.0,0.0,0.0,0.0,0.0,0.0,2007.0,8.0,16.0
72,0,62.0,7.0,41.994991,-87.769279,3.0,0.0,0.0,1.0,0.0,0.0,0.0,0.0,2007.0,7.0,11.0
73,0,52.0,114.0,41.798697,-87.736812,1.0,0.0,0.0,0.0,0.0,0.0,0.0,1.0,2007.0,8.0,1.0
74,0,52.0,65.0,41.778296999999995,-87.752411,13.0,0.0,0.0,1.0,0.0,0.0,0.0,0.0,2007.0,10.0,4.0
75,0,10.0,900.0,41.974689,-87.890615,2.0,0.0,1.0,0.0,0.0,0.0,0.0,0.0,2011.0,6.0,24.0
76,0,70.0,8.0,42.008314,-87.77792099999999,31.0,0.0,0.0,0.0,1.0,0.0,0.0,0.0,2011.0,7.0,15.0
77,0,36.0,11.0,41.944869,-87.832763,5.0,0.0,0.0,1.0,0.0,0.0,0.0,0.0,2013.0,7.0,25.0
78,0,22.0,54.0,41.921965,-87.632085,1.0,0.0,0.0,1.0,0.0,0.0,0.0,0.0,2011.0,7.0,15.0
79,0,61.0,13.0,41.923738,-87.785288,36.0,0.0,0.0,1.0,0.0,0.0,0.0,0.0,2013.0,8.0,29.0
80,0,36.0,11.0,41.944869,-87.832763,6.0,0.0,0.0,1.0,0.0,0.0,0.0,0.0,2007.0,7.0,2.0
81,0,61.0,12.0,41.991429,-87.747113,1.0,0.0,0.0,1.0,0.0,0.0,0.0,0.0,2011.0,6.0,30.0
82,0,66.0,156.0,41.772846,-87.740029,1.0,0.0,0.0,0.0,0.0,0.0,0.0,1.0,2007.0,8.0,1.0
83,0,10.0,900.0,41.974689,-87.890615,34.0,0.0,0.0,1.0,0.0,0.0,0.0,0.0,2009.0,8.0,13.0
84,0,49.0,4.0,41.962728000000006,-87.748367,7.0,0.0,1.0,0.0,0.0,0.0,0.0,0.0,2007.0,9.0,18.0
85,0,52.0,114.0,41.798697,-87.736812,15.0,0.0,0.0,0.0,1.0,0.0,0.0,0.0,2011.0,8.0,26.0
86,0,41.0,2.0,41.95469,-87.800991,6.0,0.0,1.0,0.0,0.0,0.0,0.0,0.0,2007.0,10.0,4.0
87,0,10.0,900.0,41.974689,-87.890615,32.0,0.0,0.0,1.0,0.0,0.0,0.0,0.0,2009.0,8.0,25.0
88,0,41.0,2.0,41.95469,-87.800991,14.0,0.0,0.0,0.0,1.0,0.0,0.0,0.0,2009.0,7.0,17.0
89,0,79.0,83.0,41.754292,-87.590773,1.0,0.0,1.0,0.0,0.0,0.0,0.0,0.0,2013.0,8.0,1.0
90,0,70.0,8.0,42.008314,-87.77792099999999,15.0,0.0,1.0,0.0,0.0,0.0,0.0,0.0,2007.0,9.0,24.0
91,0,10.0,900.0,41.974689,-87.890615,50.0,0.0,0.0,0.0,1.0,0.0,0.0,0.0,2013.0,7.0,19.0
92,0,35.0,158.0,41.682587,-87.707973,19.0,0.0,0.0,1.0,0.0,0.0,0.0,0.0,2013.0,6.0,14.0
93,0,46.0,3.0,41.964242,-87.757639,10.0,0.0,0.0,1.0,0.0,0.0,0.0,0.0,2013.0,9.0,12.0
94,0,39.0,74.0,41.822536,-87.66634300000001,3.0,0.0,0.0,1.0,0.0,0.0,0.0,0.0,2011.0,9.0,1.0
95,0,70.0,8.0,42.008314,-87.77792099999999,3.0,0.0,0.0,1.0,0.0,0.0,0.0,0.0,2009.0,5.0,28.0
96,0,37.0,218.0,41.948167,-87.730698,1.0,0.0,1.0,0.0,0.0,0.0,0.0,0.0,2007.0,7.0,18.0
97,0,13.0,200.0,41.678618,-87.559308,38.0,0.0,0.0,1.0,0.0,0.0,0.0,0.0,2011.0,6.0,24.0
98,0,11.0,48.0,41.867108,-87.654224,3.0,0.0,0.0,0.0,1.0,0.0,0.0,0.0,2009.0,9.0,3.0
99,0,48.0,222.0,41.925197999999995,-87.746381,5.0,0.0,0.0,1.0,0.0,0.0,0.0,0.0,2013.0,9.0,6.0
100,0,13.0,200.0,41.678618,-87.559308,2.0,0.0,0.0,0.0,0.0,0.0,0.0,1.0,2007.0,8.0,17.0
101,0,10.0,900.0,41.974689,-87.890615,1.0,0.0,0.0,0.0,1.0,0.0,0.0,0.0,2013.0,7.0,25.0
102,0,22.0,96.0,41.731922,-87.677512,3.0,0.0,0.0,0.0,1.0,0.0,0.0,0.0,2007.0,8.0,1.0
103,0,13.0,209.0,41.740641,-87.546587,1.0,0.0,0.0,0.0,0.0,0.0,1.0,0.0,2011.0,9.0,16.0
104,0,65.0,78.0,41.775051,-87.65535600000001,5.0,0.0,0.0,1.0,0.0,0.0,0.0,0.0,2007.0,8.0,1.0
105,0,79.0,15.0,41.974089,-87.824812,1.0,0.0,0.0,1.0,0.0,0.0,0.0,0.0,2007.0,7.0,27.0
106,0,30.0,35.0,41.836644,-87.677737,3.0,0.0,0.0,1.0,0.0,0.0,0.0,0.0,2007.0,10.0,4.0
107,0,13.0,209.0,41.740641,-87.546587,6.0,0.0,0.0,1.0,0.0,0.0,0.0,0.0,2013.0,6.0,21.0
108,0,70.0,8.0,42.008314,-87.77792099999999,2.0,0.0,0.0,1.0,0.0,0.0,0.0,0.0,2011.0,6.0,24.0
109,0,45.0,220.0,41.963976,-87.69181,2.0,0.0,0.0,1.0,0.0,0.0,0.0,0.0,2013.0,8.0,8.0
110,0,43.0,145.0,41.878114000000004,-87.629798,1.0,0.0,0.0,1.0,0.0,0.0,0.0,0.0,2011.0,9.0,1.0
111,0,10.0,900.0,41.974689,-87.890615,3.0,0.0,0.0,0.0,1.0,0.0,0.0,0.0,2013.0,6.0,7.0
112,0,10.0,900.0,41.974689,-87.890615,3.0,0.0,1.0,0.0,0.0,0.0,0.0,0.0,2009.0,6.0,15.0
113,0,79.0,83.0,41.754292,-87.590773,1.0,0.0,0.0,1.0,0.0,0.0,0.0,0.0,2011.0,8.0,26.0
114,0,37.0,212.0,41.680946,-87.535198,12.0,0.0,0.0,0.0,1.0,0.0,0.0,0.0,2007.0,7.0,18.0
115,0,53.0,129.0,41.891126,-87.61156,2.0,0.0,0.0,1.0,0.0,0.0,0.0,0.0,2007.0,7.0,2.0
116,0,37.0,212.0,41.680946,-87.535198,50.0,0.0,1.0,0.0,0.0,0.0,0.0,0.0,2007.0,8.0,28.0
117,0,10.0,85.0,41.721474,-87.648064,3.0,0.0,1.0,0.0,0.0,0.0,0.0,0.0,2007.0,9.0,24.0
118,0,46.0,3.0,41.964242,-87.757639,6.0,0.0,0.0,1.0,0.0,0.0,0.0,0.0,2009.0,9.0,25.0
119,0,25.0,152.0,41.846075,-87.716277,5.0,0.0,0.0,1.0,0.0,0.0,0.0,0.0,2007.0,8.0,21.0
120,0,35.0,158.0,41.682587,-87.707973,3.0,0.0,0.0,0.0,1.0,0.0,0.0,0.0,2009.0,7.0,31.0
121,0,77.0,80.0,41.754676,-87.612922,11.0,0.0,0.0,0.0,1.0,0.0,0.0,0.0,2013.0,8.0,15.0
122,0,58.0,27.0,41.984809000000006,-87.728492,10.0,0.0,0.0,1.0,0.0,0.0,0.0,0.0,2011.0,8.0,5.0
123,0,17.0,94.0,41.720848,-87.666014,5.0,0.0,0.0,1.0,0.0,0.0,0.0,0.0,2011.0,9.0,12.0
124,0,51.0,223.0,41.973845000000004,-87.805059,2.0,0.0,0.0,0.0,1.0,0.0,0.0,0.0,2011.0,9.0,12.0
125,0,50.0,82.0,41.803422999999995,-87.642984,6.0,0.0,0.0,0.0,1.0,0.0,0.0,0.0,2011.0,7.0,15.0
126,0,33.0,95.0,41.704336,-87.70373599999999,1.0,0.0,1.0,0.0,0.0,0.0,0.0,0.0,2009.0,9.0,25.0
127,0,12.0,115.0,41.673408,-87.599862,50.0,0.0,1.0,0.0,0.0,0.0,0.0,0.0,2007.0,9.0,5.0
128,0,12.0,115.0,41.673408,-87.599862,50.0,0.0,1.0,0.0,0.0,0.0,0.0,0.0,2007.0,8.0,28.0
129,0,51.0,223.0,41.973845000000004,-87.805059,22.0,0.0,0.0,1.0,0.0,0.0,0.0,0.0,2009.0,9.0,14.0
130,0,13.0,200.0,41.678618,-87.559308,1.0,0.0,0.0,1.0,0.0,0.0,0.0,0.0,2011.0,9.0,30.0
131,0,42.0,135.0,41.662014,-87.72460799999999,8.0,0.0,0.0,0.0,1.0,0.0,0.0,0.0,2011.0,6.0,30.0
132,0,10.0,88.0,41.869107,-87.69629300000001,5.0,0.0,0.0,1.0,0.0,0.0,0.0,0.0,2007.0,7.0,11.0
133,0,41.0,2.0,41.95469,-87.800991,46.0,0.0,0.0,1.0,0.0,0.0,0.0,0.0,2009.0,7.0,17.0
134,0,61.0,12.0,41.991429,-87.747113,3.0,0.0,0.0,1.0,0.0,0.0,0.0,0.0,2013.0,8.0,29.0
135,0,11.0,90.0,41.868077,-87.666901,11.0,0.0,0.0,1.0,0.0,0.0,0.0,0.0,2009.0,6.0,19.0
136,0,42.0,146.0,41.958271,-87.702575,2.0,0.0,1.0,0.0,0.0,0.0,0.0,0.0,2007.0,7.0,18.0
137,0,91.0,9.0,41.992478000000006,-87.862995,2.0,0.0,0.0,1.0,0.0,0.0,0.0,0.0,2009.0,10.0,1.0
138,0,70.0,8.0,42.008314,-87.77792099999999,7.0,0.0,0.0,0.0,1.0,0.0,0.0,0.0,2009.0,6.0,19.0
139,0,14.0,33.0,41.906638,-87.701431,1.0,0.0,0.0,1.0,0.0,0.0,0.0,0.0,2009.0,6.0,26.0
140,0,10.0,89.0,41.723195000000004,-87.64997,2.0,0.0,1.0,0.0,0.0,0.0,0.0,0.0,2011.0,7.0,25.0
141,0,67.0,66.0,41.77166,-87.703047,6.0,0.0,0.0,0.0,1.0,0.0,0.0,0.0,2007.0,8.0,1.0
142,0,10.0,900.0,41.974689,-87.890615,12.0,0.0,0.0,1.0,0.0,0.0,0.0,0.0,2009.0,7.0,6.0
143,0,35.0,158.0,41.682587,-87.707973,11.0,0.0,1.0,0.0,0.0,0.0,0.0,0.0,2007.0,8.0,1.0
144,0,62.0,236.0,41.994679,-87.770899,7.0,0.0,0.0,1.0,0.0,0.0,0.0,0.0,2013.0,9.0,6.0
145,0,10.0,73.0,41.773215,-87.60088,3.0,0.0,0.0,0.0,1.0,0.0,0.0,0.0,2007.0,7.0,11.0
146,0,22.0,69.0,41.768388,-87.678649,5.0,0.0,0.0,0.0,1.0,0.0,0.0,0.0,2007.0,8.0,1.0
147,0,52.0,65.0,41.778296999999995,-87.752411,2.0,0.0,1.0,0.0,0.0,0.0,0.0,0.0,2011.0,8.0,5.0
148,0,10.0,903.0,41.957799,-87.930995,16.0,0.0,0.0,1.0,0.0,0.0,0.0,0.0,2011.0,7.0,11.0
149,0,11.0,47.0,41.868142,-87.696269,2.0,0.0,0.0,1.0,0.0,0.0,0.0,0.0,2013.0,9.0,26.0
150,0,49.0,4.0,41.962728000000006,-87.748367,3.0,0.0,1.0,0.0,0.0,0.0,0.0,0.0,2007.0,9.0,4.0
151,0,42.0,135.0,41.662014,-87.72460799999999,2.0,0.0,0.0,0.0,1.0,0.0,0.0,0.0,2009.0,7.0,31.0
152,0,35.0,158.0,41.682587,-87.707973,2.0,0.0,0.0,1.0,0.0,0.0,0.0,0.0,2009.0,6.0,2.0
153,0,36.0,11.0,41.944869,-87.832763,2.0,0.0,0.0,0.0,1.0,0.0,0.0,0.0,2011.0,6.0,17.0
154,0,89.0,159.0,41.732984,-87.649642,2.0,0.0,0.0,1.0,0.0,0.0,0.0,0.0,2009.0,6.0,12.0
155,0,11.0,160.0,41.903002,-87.68826700000001,20.0,0.0,0.0,1.0,0.0,0.0,0.0,0.0,2009.0,7.0,17.0
156,0,65.0,227.0,41.728495,-87.60096300000001,7.0,0.0,0.0,1.0,0.0,0.0,0.0,0.0,2009.0,9.0,17.0
157,0,52.0,65.0,41.778296999999995,-87.752411,4.0,0.0,0.0,1.0,0.0,0.0,0.0,0.0,2009.0,9.0,25.0
158,0,10.0,900.0,41.974689,-87.890615,23.0,0.0,0.0,1.0,0.0,0.0,0.0,0.0,2009.0,6.0,22.0
159,0,11.0,48.0,41.867108,-87.654224,24.0,0.0,0.0,1.0,0.0,0.0,0.0,0.0,2009.0,9.0,17.0
160,0,12.0,18.0,42.010412,-87.66214000000001,1.0,0.0,0.0,0.0,1.0,0.0,0.0,0.0,2009.0,10.0,1.0
161,0,39.0,74.0,41.822536,-87.66634300000001,3.0,0.0,0.0,0.0,1.0,0.0,0.0,0.0,2013.0,7.0,8.0
162,0,64.0,77.0,41.778748,-87.586427,2.0,0.0,0.0,1.0,0.0,0.0,0.0,0.0,2013.0,9.0,19.0
163,0,61.0,13.0,41.923738,-87.785288,27.0,0.0,0.0,1.0,0.0,0.0,0.0,0.0,2013.0,8.0,29.0
164,0,25.0,46.0,41.891118,-87.65449100000001,3.0,0.0,1.0,0.0,0.0,0.0,0.0,0.0,2007.0,7.0,11.0
165,0,11.0,90.0,41.868077,-87.666901,22.0,0.0,0.0,1.0,0.0,0.0,0.0,0.0,2013.0,7.0,25.0
166,0,10.0,89.0,41.723195000000004,-87.64997,8.0,0.0,0.0,1.0,0.0,0.0,0.0,0.0,2013.0,7.0,25.0
167,0,50.0,31.0,41.801497999999995,-87.763416,1.0,0.0,0.0,0.0,0.0,0.0,0.0,1.0,2011.0,7.0,11.0
168,0,10.0,900.0,41.974689,-87.890615,17.0,0.0,0.0,0.0,1.0,0.0,0.0,0.0,2009.0,7.0,31.0
169,0,10.0,138.0,41.726465000000005,-87.585413,6.0,0.0,0.0,1.0,0.0,0.0,0.0,0.0,2007.0,8.0,1.0
170,0,28.0,147.0,41.932094,-87.700117,1.0,0.0,0.0,1.0,0.0,0.0,0.0,0.0,2009.0,7.0,31.0
171,0,13.0,209.0,41.740641,-87.546587,4.0,0.0,1.0,0.0,0.0,0.0,0.0,0.0,2013.0,8.0,1.0
172,0,42.0,135.0,41.662014,-87.72460799999999,43.0,0.0,0.0,1.0,0.0,0.0,0.0,0.0,2013.0,7.0,8.0
173,0,35.0,62.0,41.800737,-87.71188000000001,5.0,0.0,0.0,1.0,0.0,0.0,0.0,0.0,2007.0,9.0,12.0
174,0,17.0,39.0,41.911823999999996,-87.726737,9.0,0.0,0.0,1.0,0.0,0.0,0.0,0.0,2007.0,8.0,24.0
175,0,40.0,221.0,41.659112,-87.53869300000001,4.0,0.0,1.0,0.0,0.0,0.0,0.0,0.0,2011.0,8.0,5.0
176,0,77.0,80.0,41.754676,-87.612922,1.0,0.0,0.0,0.0,1.0,0.0,0.0,0.0,2009.0,7.0,31.0
177,0,63.0,155.0,41.776156,-87.778927,1.0,0.0,0.0,1.0,0.0,0.0,0.0,0.0,2011.0,9.0,1.0
178,0,70.0,151.0,41.916265,-87.800515,2.0,0.0,1.0,0.0,0.0,0.0,0.0,0.0,2009.0,9.0,25.0
179,0,33.0,144.0,41.94016,-87.794896,2.0,0.0,0.0,1.0,0.0,0.0,0.0,0.0,2009.0,7.0,6.0
180,0,12.0,115.0,41.673408,-87.599862,50.0,0.0,1.0,0.0,0.0,0.0,0.0,0.0,2007.0,8.0,1.0
181,0,10.0,138.0,41.726465000000005,-87.585413,45.0,0.0,1.0,0.0,0.0,0.0,0.0,0.0,2007.0,8.0,17.0
182,0,39.0,74.0,41.822536,-87.66634300000001,4.0,0.0,0.0,1.0,0.0,0.0,0.0,0.0,2011.0,9.0,12.0
183,0,51.0,35.0,41.763733,-87.742302,3.0,0.0,0.0,1.0,0.0,0.0,0.0,0.0,2013.0,8.0,1.0
184,0,33.0,144.0,41.94016,-87.794896,1.0,0.0,0.0,1.0,0.0,0.0,0.0,0.0,2009.0,8.0,27.0
185,0,37.0,212.0,41.680946,-87.535198,2.0,0.0,1.0,0.0,0.0,0.0,0.0,0.0,2007.0,9.0,19.0
186,0,52.0,114.0,41.798697,-87.736812,50.0,0.0,0.0,1.0,0.0,0.0,0.0,0.0,2011.0,7.0,15.0
187,0,17.0,224.0,41.947227000000005,-87.67145699999999,1.0,0.0,0.0,1.0,0.0,0.0,0.0,0.0,2011.0,7.0,25.0
188,0,90.0,226.0,41.793818,-87.654234,2.0,0.0,0.0,0.0,1.0,0.0,0.0,0.0,2013.0,8.0,1.0
189,0,73.0,67.0,41.759346,-87.745602,2.0,0.0,1.0,0.0,0.0,0.0,0.0,0.0,2007.0,8.0,7.0
190,0,71.0,79.0,41.766202,-87.562889,2.0,0.0,0.0,1.0,0.0,0.0,0.0,0.0,2007.0,9.0,24.0
191,0,12.0,115.0,41.673408,-87.599862,50.0,0.0,1.0,0.0,0.0,0.0,0.0,0.0,2007.0,8.0,22.0
192,0,41.0,2.0,41.95469,-87.800991,2.0,0.0,0.0,1.0,0.0,0.0,0.0,0.0,2011.0,9.0,16.0
193,0,81.0,157.0,41.825902,-87.667827,1.0,0.0,1.0,0.0,0.0,0.0,0.0,0.0,2007.0,9.0,5.0
194,0,30.0,43.0,41.857402,-87.694991,11.0,0.0,0.0,1.0,0.0,0.0,0.0,0.0,2007.0,8.0,21.0
195,0,77.0,80.0,41.754676,-87.612922,3.0,0.0,0.0,1.0,0.0,0.0,0.0,0.0,2009.0,7.0,17.0
196,0,36.0,11.0,41.944869,-87.832763,3.0,0.0,0.0,1.0,0.0,0.0,0.0,0.0,2011.0,9.0,1.0
197,0,58.0,27.0,41.984809000000006,-87.728492,24.0,0.0,0.0,0.0,1.0,0.0,0.0,0.0,2011.0,6.0,17.0
198,0,28.0,147.0,41.932094,-87.700117,11.0,0.0,0.0,1.0,0.0,0.0,0.0,0.0,2009.0,6.0,19.0
199,0,42.0,235.0,41.776428,-87.627096,21.0,0.0,0.0,1.0,0.0,0.0,0.0,0.0,2011.0,7.0,15.0
200,0,40.0,221.0,41.659112,-87.53869300000001,3.0,0.0,1.0,0.0,0.0,0.0,0.0,0.0,2007.0,9.0,19.0
201,0,11.0,103.0,41.702723999999996,-87.536497,32.0,0.0,0.0,0.0,1.0,0.0,0.0,0.0,2007.0,8.0,1.0
202,0,52.0,114.0,41.798697,-87.736812,2.0,0.0,1.0,0.0,0.0,0.0,0.0,0.0,2007.0,8.0,1.0
203,0,58.0,28.0,41.986921,-87.689778,2.0,0.0,0.0,1.0,0.0,0.0,0.0,0.0,2009.0,9.0,25.0
204,0,28.0,147.0,41.932094,-87.700117,9.0,0.0,0.0,0.0,1.0,0.0,0.0,0.0,2009.0,6.0,12.0
205,0,77.0,80.0,41.754676,-87.612922,26.0,0.0,1.0,0.0,0.0,0.0,0.0,0.0,2013.0,8.0,22.0
206,0,10.0,89.0,41.723195000000004,-87.64997,1.0,0.0,1.0,0.0,0.0,0.0,0.0,0.0,2009.0,6.0,2.0
207,0,62.0,236.0,41.994679,-87.770899,32.0,0.0,0.0,1.0,0.0,0.0,0.0,0.0,2013.0,8.0,8.0
208,0,36.0,11.0,41.944869,-87.832763,6.0,0.0,1.0,0.0,0.0,0.0,0.0,0.0,2007.0,8.0,1.0
209,0,10.0,900.0,41.974689,-87.890615,10.0,0.0,0.0,1.0,0.0,0.0,0.0,0.0,2011.0,8.0,12.0
210,0,50.0,82.0,41.803422999999995,-87.642984,3.0,0.0,0.0,1.0,0.0,0.0,0.0,0.0,2011.0,9.0,30.0
211,0,24.0,128.0,41.704572,-87.56566600000001,1.0,0.0,1.0,0.0,0.0,0.0,0.0,0.0,2009.0,9.0,25.0
212,0,51.0,35.0,41.763733,-87.742302,2.0,0.0,1.0,0.0,0.0,0.0,0.0,0.0,2011.0,8.0,5.0
213,0,12.0,115.0,41.673408,-87.599862,50.0,0.0,1.0,0.0,0.0,0.0,0.0,0.0,2007.0,8.0,8.0
214,0,41.0,2.0,41.95469,-87.800991,25.0,0.0,0.0,1.0,0.0,0.0,0.0,0.0,2013.0,6.0,14.0
215,0,58.0,28.0,41.986921,-87.689778,3.0,0.0,0.0,1.0,0.0,0.0,0.0,0.0,2007.0,8.0,1.0
216,0,36.0,11.0,41.944869,-87.832763,31.0,0.0,0.0,0.0,1.0,0.0,0.0,0.0,2011.0,7.0,11.0
217,0,11.0,47.0,41.868142,-87.696269,6.0,0.0,0.0,0.0,1.0,0.0,0.0,0.0,2009.0,7.0,13.0
218,0,22.0,54.0,41.921965,-87.632085,5.0,0.0,0.0,1.0,0.0,0.0,0.0,0.0,2011.0,9.0,12.0
219,0,38.0,215.0,41.686398,-87.531635,1.0,0.0,0.0,0.0,1.0,0.0,0.0,0.0,2007.0,7.0,19.0
220,0,49.0,25.0,41.979243,-87.750938,1.0,0.0,0.0,1.0,0.0,0.0,0.0,0.0,2007.0,8.0,21.0
221,0,10.0,900.0,41.974689,-87.890615,9.0,0.0,0.0,0.0,1.0,0.0,0.0,0.0,2009.0,8.0,13.0
222,0,50.0,31.0,41.801497999999995,-87.763416,4.0,0.0,0.0,1.0,0.0,0.0,0.0,0.0,2011.0,6.0,10.0
223,0,42.0,146.0,41.958271,-87.702575,6.0,0.0,0.0,0.0,1.0,0.0,0.0,0.0,2007.0,6.0,26.0
224,0,50.0,31.0,41.801497999999995,-87.763416,1.0,0.0,0.0,0.0,0.0,0.0,0.0,1.0,2011.0,8.0,5.0
225,0,37.0,218.0,41.948167,-87.730698,1.0,0.0,1.0,0.0,0.0,0.0,0.0,0.0,2007.0,8.0,1.0
226,0,17.0,224.0,41.947227000000005,-87.67145699999999,4.0,0.0,0.0,1.0,0.0,0.0,0.0,0.0,2013.0,7.0,8.0
227,0,45.0,220.0,41.963976,-87.69181,5.0,0.0,0.0,1.0,0.0,0.0,0.0,0.0,2011.0,8.0,5.0
228,0,17.0,232.0,41.912563,-87.66805500000001,9.0,0.0,0.0,1.0,0.0,0.0,0.0,0.0,2013.0,9.0,6.0
229,0,10.0,138.0,41.726465000000005,-87.585413,37.0,0.0,1.0,0.0,0.0,0.0,0.0,0.0,2007.0,8.0,28.0
230,0,35.0,158.0,41.682587,-87.707973,1.0,0.0,1.0,0.0,0.0,0.0,0.0,0.0,2007.0,9.0,19.0
231,0,11.0,49.0,41.896282,-87.655232,10.0,0.0,0.0,1.0,0.0,0.0,0.0,0.0,2011.0,9.0,16.0
232,0,37.0,212.0,41.680946,-87.535198,50.0,0.0,1.0,0.0,0.0,0.0,0.0,0.0,2007.0,8.0,28.0
233,0,10.0,903.0,41.957799,-87.930995,1.0,0.0,1.0,0.0,0.0,0.0,0.0,0.0,2011.0,9.0,2.0
234,0,12.0,115.0,41.673408,-87.599862,50.0,0.0,1.0,0.0,0.0,0.0,0.0,0.0,2007.0,8.0,28.0
235,0,52.0,114.0,41.798697,-87.736812,2.0,0.0,0.0,0.0,1.0,0.0,0.0,0.0,2007.0,8.0,1.0
236,0,45.0,220.0,41.963976,-87.69181,8.0,0.0,0.0,0.0,1.0,0.0,0.0,0.0,2009.0,9.0,25.0
237,0,42.0,146.0,41.958271,-87.702575,3.0,0.0,1.0,0.0,0.0,0.0,0.0,0.0,2007.0,8.0,1.0
238,0,37.0,218.0,41.948167,-87.730698,8.0,0.0,1.0,0.0,0.0,0.0,0.0,0.0,2007.0,8.0,24.0
239,0,67.0,66.0,41.77166,-87.703047,2.0,0.0,0.0,1.0,0.0,0.0,0.0,0.0,2009.0,9.0,14.0
240,0,11.0,92.0,41.869215999999994,-87.627561,2.0,0.0,1.0,0.0,0.0,0.0,0.0,0.0,2007.0,9.0,19.0
241,0,90.0,226.0,41.793818,-87.654234,12.0,0.0,0.0,0.0,1.0,0.0,0.0,0.0,2011.0,7.0,25.0
242,0,65.0,227.0,41.728495,-87.60096300000001,10.0,0.0,0.0,1.0,0.0,0.0,0.0,0.0,2011.0,9.0,16.0
243,0,10.0,89.0,41.723195000000004,-87.64997,3.0,0.0,0.0,0.0,1.0,0.0,0.0,0.0,2013.0,8.0,15.0
244,0,22.0,54.0,41.921965,-87.632085,1.0,0.0,0.0,0.0,0.0,0.0,0.0,1.0,2007.0,10.0,4.0
245,0,10.0,900.0,41.974689,-87.890615,8.0,0.0,0.0,1.0,0.0,0.0,0.0,0.0,2009.0,8.0,13.0
246,0,55.0,76.0,41.794781,-87.615989,2.0,0.0,0.0,1.0,0.0,0.0,0.0,0.0,2007.0,8.0,15.0
247,0,10.0,73.0,41.773215,-87.60088,2.0,0.0,1.0,0.0,0.0,0.0,0.0,0.0,2011.0,7.0,29.0
248,0,25.0,152.0,41.846075,-87.716277,2.0,0.0,1.0,0.0,0.0,0.0,0.0,0.0,2007.0,8.0,1.0
249,0,46.0,3.0,41.964242,-87.757639,7.0,0.0,0.0,0.0,1.0,0.0,0.0,0.0,2011.0,6.0,24.0
250,0,36.0,11.0,41.944869,-87.832763,5.0,0.0,0.0,0.0,1.0,0.0,0.0,0.0,2007.0,7.0,27.0
251,0,12.0,115.0,41.673408,-87.599862,50.0,0.0,1.0,0.0,0.0,0.0,0.0,0.0,2007.0,7.0,25.0
252,0,61.0,71.0,41.781416,-87.77653199999999,1.0,0.0,0.0,0.0,1.0,0.0,0.0,0.0,2007.0,7.0,27.0
253,0,51.0,223.0,41.973845000000004,-87.805059,3.0,0.0,0.0,0.0,1.0,0.0,0.0,0.0,2009.0,7.0,31.0
254,0,10.0,138.0,41.726465000000005,-87.585413,2.0,0.0,1.0,0.0,0.0,0.0,0.0,0.0,2009.0,7.0,6.0
255,0,11.0,103.0,41.702723999999996,-87.536497,1.0,0.0,0.0,0.0,0.0,1.0,0.0,0.0,2007.0,8.0,15.0
256,0,90.0,226.0,41.793818,-87.654234,1.0,0.0,0.0,1.0,0.0,0.0,0.0,0.0,2013.0,7.0,25.0
257,0,61.0,12.0,41.991429,-87.747113,3.0,0.0,1.0,0.0,0.0,0.0,0.0,0.0,2011.0,9.0,1.0
258,0,10.0,73.0,41.773215,-87.60088,4.0,0.0,0.0,1.0,0.0,0.0,0.0,0.0,2009.0,8.0,7.0
259,0,11.0,90.0,41.868077,-87.666901,7.0,0.0,1.0,0.0,0.0,0.0,0.0,0.0,2011.0,7.0,15.0
260,0,58.0,27.0,41.984809000000006,-87.728492,2.0,0.0,0.0,1.0,0.0,0.0,0.0,0.0,2007.0,8.0,1.0
261,0,11.0,160.0,41.903002,-87.68826700000001,6.0,0.0,0.0,1.0,0.0,0.0,0.0,0.0,2009.0,8.0,7.0
262,0,38.0,19.0,41.94983,-87.69845699999999,1.0,0.0,0.0,0.0,1.0,0.0,0.0,0.0,2007.0,6.0,26.0
263,0,12.0,115.0,41.673408,-87.599862,1.0,0.0,1.0,0.0,0.0,0.0,0.0,0.0,2009.0,6.0,26.0
264,0,37.0,63.0,41.82561,-87.726549,18.0,0.0,0.0,1.0,0.0,0.0,0.0,0.0,2007.0,8.0,15.0
265,0,33.0,144.0,41.94016,-87.794896,1.0,0.0,0.0,0.0,1.0,0.0,0.0,0.0,2009.0,9.0,14.0
266,0,48.0,222.0,41.925197999999995,-87.746381,1.0,0.0,0.0,1.0,0.0,0.0,0.0,0.0,2011.0,9.0,23.0
267,0,67.0,66.0,41.77166,-87.703047,8.0,0.0,0.0,1.0,0.0,0.0,0.0,0.0,2011.0,7.0,29.0
268,0,51.0,223.0,41.973845000000004,-87.805059,4.0,0.0,1.0,0.0,0.0,0.0,0.0,0.0,2011.0,9.0,1.0
269,0,10.0,30.0,41.899229999999996,-87.716788,2.0,0.0,0.0,1.0,0.0,0.0,0.0,0.0,2007.0,8.0,15.0
270,0,10.0,138.0,41.726465000000005,-87.585413,50.0,0.0,1.0,0.0,0.0,0.0,0.0,0.0,2007.0,8.0,22.0
271,0,18.0,219.0,41.966986999999996,-87.674677,1.0,0.0,1.0,0.0,0.0,0.0,0.0,0.0,2007.0,8.0,24.0
272,0,11.0,90.0,41.868077,-87.666901,2.0,0.0,0.0,1.0,0.0,0.0,0.0,0.0,2007.0,7.0,2.0
273,0,37.0,63.0,41.82561,-87.726549,4.0,0.0,0.0,1.0,0.0,0.0,0.0,0.0,2013.0,8.0,8.0
274,0,12.0,115.0,41.673408,-87.599862,50.0,0.0,1.0,0.0,0.0,0.0,0.0,0.0,2007.0,8.0,22.0
275,0,36.0,11.0,41.944869,-87.832763,29.0,0.0,0.0,1.0,0.0,0.0,0.0,0.0,2009.0,7.0,17.0
276,0,35.0,158.0,41.682587,-87.707973,1.0,0.0,0.0,0.0,1.0,0.0,0.0,0.0,2009.0,6.0,5.0
277,0,13.0,209.0,41.740641,-87.546587,7.0,0.0,0.0,0.0,1.0,0.0,0.0,0.0,2013.0,8.0,29.0
278,0,10.0,138.0,41.726465000000005,-87.585413,50.0,0.0,1.0,0.0,0.0,0.0,0.0,0.0,2007.0,8.0,16.0
279,0,93.0,162.0,41.725516999999996,-87.61425799999999,1.0,0.0,1.0,0.0,0.0,0.0,0.0,0.0,2007.0,8.0,22.0
280,0,10.0,89.0,41.723195000000004,-87.64997,3.0,0.0,0.0,0.0,1.0,0.0,0.0,0.0,2013.0,6.0,28.0
281,0,42.0,135.0,41.662014,-87.72460799999999,2.0,0.0,0.0,0.0,0.0,1.0,0.0,0.0,2007.0,7.0,2.0
282,0,75.0,148.0,42.01743,-87.68776899999999,2.0,0.0,0.0,0.0,1.0,0.0,0.0,0.0,2009.0,6.0,26.0
283,0,30.0,43.0,41.857402,-87.694991,1.0,0.0,0.0,0.0,1.0,0.0,0.0,0.0,2009.0,7.0,17.0
284,0,39.0,74.0,41.822536,-87.66634300000001,2.0,0.0,0.0,0.0,1.0,0.0,0.0,0.0,2013.0,6.0,7.0
285,0,22.0,96.0,41.731922,-87.677512,3.0,0.0,0.0,0.0,0.0,1.0,0.0,0.0,2007.0,8.0,2.0
286,0,10.0,900.0,41.974689,-87.890615,50.0,0.0,0.0,1.0,0.0,0.0,0.0,0.0,2011.0,6.0,30.0
287,0,10.0,89.0,41.723195000000004,-87.64997,2.0,0.0,1.0,0.0,0.0,0.0,0.0,0.0,2011.0,8.0,5.0
288,0,71.0,233.0,42.009876,-87.807277,13.0,0.0,0.0,1.0,0.0,0.0,0.0,0.0,2013.0,8.0,22.0
289,0,25.0,46.0,41.891118,-87.65449100000001,2.0,0.0,0.0,0.0,1.0,0.0,0.0,0.0,2011.0,8.0,5.0
290,0,10.0,900.0,41.974689,-87.890615,2.0,0.0,0.0,1.0,0.0,0.0,0.0,0.0,2009.0,7.0,31.0
291,0,11.0,48.0,41.867108,-87.654224,50.0,0.0,0.0,1.0,0.0,0.0,0.0,0.0,2011.0,7.0,15.0
292,0,35.0,62.0,41.800737,-87.71188000000001,5.0,0.0,0.0,1.0,0.0,0.0,0.0,0.0,2007.0,10.0,4.0
293,0,10.0,900.0,41.974689,-87.890615,4.0,0.0,0.0,0.0,1.0,0.0,0.0,0.0,2011.0,6.0,30.0
294,0,41.0,2.0,41.95469,-87.800991,4.0,0.0,1.0,0.0,0.0,0.0,0.0,0.0,2013.0,8.0,15.0
295,0,12.0,115.0,41.673408,-87.599862,4.0,0.0,0.0,1.0,0.0,0.0,0.0,0.0,2007.0,8.0,2.0
296,0,11.0,47.0,41.868142,-87.696269,2.0,0.0,0.0,0.0,1.0,0.0,0.0,0.0,2009.0,7.0,24.0
297,0,17.0,39.0,41.911823999999996,-87.726737,1.0,0.0,0.0,1.0,0.0,0.0,0.0,0.0,2007.0,8.0,1.0
298,0,25.0,152.0,41.846075,-87.716277,1.0,0.0,0.0,0.0,0.0,0.0,0.0,1.0,2007.0,9.0,18.0
299,0,37.0,212.0,41.680946,-87.535198,2.0,0.0,0.0,0.0,0.0,0.0,0.0,1.0,2007.0,8.0,22.0
300,0,10.0,900.0,41.974689,-87.890615,4.0,0.0,0.0,0.0,1.0,0.0,0.0,0.0,2013.0,6.0,7.0
301,0,39.0,228.0,41.951865999999995,-87.72505699999999,6.0,0.0,0.0,0.0,1.0,0.0,0.0,0.0,2013.0,8.0,22.0
302,0,46.0,3.0,41.964242,-87.757639,9.0,0.0,0.0,1.0,0.0,0.0,0.0,0.0,2009.0,6.0,19.0
303,0,35.0,158.0,41.682587,-87.707973,6.0,0.0,0.0,0.0,1.0,0.0,0.0,0.0,2009.0,7.0,27.0
304,0,79.0,83.0,41.754292,-87.590773,2.0,0.0,0.0,1.0,0.0,0.0,0.0,0.0,2009.0,7.0,17.0
305,0,70.0,8.0,42.008314,-87.77792099999999,1.0,0.0,0.0,0.0,1.0,0.0,0.0,0.0,2007.0,8.0,7.0
306,0,10.0,138.0,41.726465000000005,-87.585413,50.0,0.0,1.0,0.0,0.0,0.0,0.0,0.0,2007.0,8.0,16.0
307,0,58.0,27.0,41.984809000000006,-87.728492,4.0,0.0,0.0,1.0,0.0,0.0,0.0,0.0,2011.0,8.0,19.0
308,0,10.0,89.0,41.723195000000004,-87.64997,3.0,0.0,1.0,0.0,0.0,0.0,0.0,0.0,2009.0,9.0,17.0
309,0,10.0,900.0,41.974689,-87.890615,16.0,0.0,0.0,0.0,1.0,0.0,0.0,0.0,2009.0,7.0,17.0
310,0,37.0,218.0,41.948167,-87.730698,1.0,0.0,0.0,0.0,1.0,0.0,0.0,0.0,2011.0,6.0,10.0
311,0,13.0,200.0,41.678618,-87.559308,1.0,0.0,0.0,0.0,0.0,1.0,0.0,0.0,2011.0,7.0,15.0
312,0,45.0,220.0,41.963976,-87.69181,12.0,0.0,0.0,0.0,1.0,0.0,0.0,0.0,2009.0,6.0,26.0
313,0,10.0,900.0,41.974689,-87.890615,14.0,0.0,0.0,1.0,0.0,0.0,0.0,0.0,2011.0,6.0,30.0
314,0,42.0,135.0,41.662014,-87.72460799999999,7.0,0.0,0.0,0.0,1.0,0.0,0.0,0.0,2011.0,9.0,2.0
315,0,50.0,31.0,41.801497999999995,-87.763416,8.0,0.0,0.0,1.0,0.0,0.0,0.0,0.0,2009.0,7.0,10.0
316,0,11.0,160.0,41.903002,-87.68826700000001,2.0,0.0,0.0,1.0,0.0,0.0,0.0,0.0,2009.0,10.0,1.0
317,0,39.0,74.0,41.822536,-87.66634300000001,4.0,0.0,0.0,1.0,0.0,0.0,0.0,0.0,2011.0,8.0,5.0
318,0,13.0,230.0,41.904194,-87.756155,3.0,0.0,0.0,1.0,0.0,0.0,0.0,0.0,2011.0,7.0,11.0
319,0,11.0,229.0,41.753411,-87.63981700000001,5.0,0.0,0.0,0.0,1.0,0.0,0.0,0.0,2009.0,8.0,7.0
320,0,79.0,83.0,41.754292,-87.590773,2.0,0.0,0.0,1.0,0.0,0.0,0.0,0.0,2011.0,7.0,25.0
321,0,37.0,218.0,41.948167,-87.730698,17.0,0.0,0.0,1.0,0.0,0.0,0.0,0.0,2009.0,9.0,14.0
322,0,10.0,903.0,41.957799,-87.930995,9.0,0.0,0.0,0.0,1.0,0.0,0.0,0.0,2013.0,6.0,14.0
323,0,41.0,2.0,41.95469,-87.800991,24.0,0.0,0.0,1.0,0.0,0.0,0.0,0.0,2007.0,9.0,18.0
324,0,22.0,96.0,41.731922,-87.677512,1.0,0.0,0.0,1.0,0.0,0.0,0.0,0.0,2007.0,6.0,5.0
325,0,70.0,8.0,42.008314,-87.77792099999999,4.0,0.0,0.0,0.0,1.0,0.0,0.0,0.0,2007.0,7.0,27.0
326,0,82.0,225.0,41.743402,-87.731435,7.0,0.0,1.0,0.0,0.0,0.0,0.0,0.0,2009.0,9.0,14.0
327,0,52.0,65.0,41.778296999999995,-87.752411,22.0,0.0,0.0,1.0,0.0,0.0,0.0,0.0,2007.0,7.0,11.0
328,0,12.0,115.0,41.673408,-87.599862,50.0,0.0,1.0,0.0,0.0,0.0,0.0,0.0,2007.0,9.0,24.0
329,0,50.0,31.0,41.801497999999995,-87.763416,3.0,0.0,0.0,1.0,0.0,0.0,0.0,0.0,2013.0,8.0,8.0
330,0,77.0,80.0,41.754676,-87.612922,3.0,0.0,1.0,0.0,0.0,0.0,0.0,0.0,2011.0,7.0,29.0
331,0,37.0,212.0,41.680946,-87.535198,50.0,0.0,0.0,1.0,0.0,0.0,0.0,0.0,2007.0,7.0,19.0
332,0,22.0,61.0,41.801179,-87.679447,4.0,0.0,0.0,0.0,1.0,0.0,0.0,0.0,2013.0,6.0,27.0
333,0,17.0,232.0,41.912563,-87.66805500000001,3.0,0.0,0.0,1.0,0.0,0.0,0.0,0.0,2013.0,6.0,21.0
334,0,42.0,235.0,41.776428,-87.627096,5.0,0.0,0.0,1.0,0.0,0.0,0.0,0.0,2011.0,6.0,24.0
335,0,37.0,63.0,41.82561,-87.726549,9.0,0.0,1.0,0.0,0.0,0.0,0.0,0.0,2013.0,9.0,6.0
336,0,10.0,30.0,41.899229999999996,-87.716788,50.0,0.0,0.0,0.0,1.0,0.0,0.0,0.0,2013.0,7.0,19.0
337,0,61.0,13.0,41.923738,-87.785288,8.0,0.0,0.0,1.0,0.0,0.0,0.0,0.0,2013.0,6.0,21.0
338,0,71.0,79.0,41.766202,-87.562889,1.0,0.0,0.0,1.0,0.0,0.0,0.0,0.0,2009.0,7.0,17.0
339,0,39.0,228.0,41.951865999999995,-87.72505699999999,1.0,0.0,0.0,0.0,0.0,0.0,0.0,1.0,2011.0,8.0,26.0
340,0,22.0,96.0,41.731922,-87.677512,1.0,0.0,0.0,0.0,0.0,0.0,0.0,1.0,2007.0,8.0,24.0
341,0,10.0,900.0,41.974689,-87.890615,4.0,0.0,1.0,0.0,0.0,0.0,0.0,0.0,2009.0,7.0,6.0
342,0,10.0,73.0,41.773215,-87.60088,1.0,0.0,1.0,0.0,0.0,0.0,0.0,0.0,2011.0,8.0,5.0
343,0,89.0,159.0,41.732984,-87.649642,1.0,0.0,0.0,0.0,0.0,1.0,0.0,0.0,2009.0,7.0,17.0
344,0,12.0,115.0,41.673408,-87.599862,50.0,0.0,0.0,1.0,0.0,0.0,0.0,0.0,2007.0,9.0,6.0
345,0,11.0,160.0,41.903002,-87.68826700000001,1.0,0.0,0.0,1.0,0.0,0.0,0.0,0.0,2011.0,6.0,24.0
346,0,50.0,82.0,41.803422999999995,-87.642984,6.0,0.0,1.0,0.0,0.0,0.0,0.0,0.0,2013.0,7.0,25.0
347,0,58.0,27.0,41.984809000000006,-87.728492,15.0,0.0,1.0,0.0,0.0,0.0,0.0,0.0,2013.0,9.0,19.0
348,0,37.0,212.0,41.680946,-87.535198,50.0,0.0,0.0,1.0,0.0,0.0,0.0,0.0,2007.0,7.0,19.0
349,0,10.0,102.0,41.750498,-87.605294,17.0,0.0,0.0,1.0,0.0,0.0,0.0,0.0,2011.0,7.0,25.0
350,0,22.0,86.0,41.688324,-87.676709,1.0,0.0,0.0,1.0,0.0,0.0,0.0,0.0,2007.0,6.0,26.0
351,0,40.0,81.0,41.821582,-87.62779599999999,2.0,0.0,0.0,1.0,0.0,0.0,0.0,0.0,2007.0,8.0,1.0
352,0,70.0,151.0,41.916265,-87.800515,43.0,0.0,0.0,1.0,0.0,0.0,0.0,0.0,2013.0,6.0,27.0
353,0,10.0,85.0,41.721474,-87.648064,2.0,0.0,0.0,1.0,0.0,0.0,0.0,0.0,2007.0,8.0,1.0
354,0,22.0,96.0,41.731922,-87.677512,2.0,0.0,1.0,0.0,0.0,0.0,0.0,0.0,2007.0,7.0,11.0
355,0,15.0,149.0,41.994469,-87.667736,1.0,0.0,0.0,0.0,1.0,0.0,0.0,0.0,2007.0,9.0,18.0
356,0,51.0,223.0,41.973845000000004,-87.805059,2.0,0.0,1.0,0.0,0.0,0.0,0.0,0.0,2011.0,8.0,5.0
357,0,10.0,900.0,41.974689,-87.890615,4.0,0.0,0.0,0.0,1.0,0.0,0.0,0.0,2013.0,7.0,25.0
358,0,11.0,47.0,41.868142,-87.696269,1.0,0.0,0.0,0.0,1.0,0.0,0.0,0.0,2013.0,9.0,12.0
359,0,17.0,224.0,41.947227000000005,-87.67145699999999,2.0,0.0,0.0,1.0,0.0,0.0,0.0,0.0,2009.0,9.0,17.0
360,0,22.0,61.0,41.801179,-87.679447,5.0,0.0,0.0,0.0,1.0,0.0,0.0,0.0,2011.0,9.0,16.0
361,0,10.0,138.0,41.726465000000005,-87.585413,1.0,0.0,1.0,0.0,0.0,0.0,0.0,0.0,2009.0,9.0,3.0
362,0,25.0,46.0,41.891118,-87.65449100000001,3.0,0.0,0.0,0.0,1.0,0.0,0.0,0.0,2013.0,8.0,1.0
363,0,10.0,900.0,41.974689,-87.890615,5.0,0.0,0.0,0.0,1.0,0.0,0.0,0.0,2011.0,9.0,12.0
364,0,42.0,135.0,41.662014,-87.72460799999999,29.0,0.0,0.0,0.0,1.0,0.0,0.0,0.0,2009.0,6.0,12.0
365,0,11.0,49.0,41.896282,-87.655232,7.0,0.0,0.0,1.0,0.0,0.0,0.0,0.0,2007.0,8.0,1.0
366,0,43.0,145.0,41.878114000000004,-87.629798,1.0,0.0,0.0,0.0,0.0,0.0,0.0,1.0,2011.0,9.0,12.0
367,0,12.0,115.0,41.673408,-87.599862,1.0,0.0,0.0,0.0,0.0,1.0,0.0,0.0,2011.0,6.0,30.0
368,0,10.0,900.0,41.974689,-87.890615,3.0,0.0,0.0,0.0,0.0,0.0,0.0,1.0,2009.0,7.0,31.0
369,0,61.0,12.0,41.991429,-87.747113,5.0,0.0,0.0,0.0,1.0,0.0,0.0,0.0,2011.0,7.0,29.0
370,0,36.0,11.0,41.944869,-87.832763,1.0,0.0,0.0,1.0,0.0,0.0,0.0,0.0,2009.0,9.0,14.0
371,0,79.0,15.0,41.974089,-87.824812,16.0,0.0,1.0,0.0,0.0,0.0,0.0,0.0,2007.0,8.0,21.0
372,0,60.0,6.0,41.990284,-87.797127,1.0,0.0,0.0,0.0,1.0,0.0,0.0,0.0,2007.0,9.0,4.0
373,0,25.0,46.0,41.891118,-87.65449100000001,1.0,0.0,0.0,1.0,0.0,0.0,0.0,0.0,2013.0,6.0,14.0
374,0,89.0,99.0,41.733643,-87.55551,3.0,0.0,0.0,0.0,1.0,0.0,0.0,0.0,2013.0,6.0,28.0
375,0,52.0,65.0,41.778296999999995,-87.752411,29.0,0.0,0.0,1.0,0.0,0.0,0.0,0.0,2007.0,8.0,15.0
376,0,18.0,219.0,41.966986999999996,-87.674677,4.0,0.0,0.0,1.0,0.0,0.0,0.0,0.0,2007.0,8.0,21.0
377,0,42.0,135.0,41.662014,-87.72460799999999,5.0,0.0,1.0,0.0,0.0,0.0,0.0,0.0,2013.0,8.0,22.0
378,0,52.0,114.0,41.798697,-87.736812,7.0,0.0,1.0,0.0,0.0,0.0,0.0,0.0,2011.0,8.0,5.0
379,0,17.0,94.0,41.720848,-87.666014,3.0,0.0,0.0,1.0,0.0,0.0,0.0,0.0,2007.0,8.0,1.0
380,0,10.0,900.0,41.974689,-87.890615,21.0,0.0,1.0,0.0,0.0,0.0,0.0,0.0,2011.0,9.0,2.0
381,0,68.0,37.0,41.921177,-87.79518,7.0,0.0,1.0,0.0,0.0,0.0,0.0,0.0,2007.0,8.0,24.0
382,0,70.0,8.0,42.008314,-87.77792099999999,17.0,0.0,0.0,1.0,0.0,0.0,0.0,0.0,2013.0,9.0,12.0
383,0,10.0,138.0,41.726465000000005,-87.585413,1.0,0.0,0.0,1.0,0.0,0.0,0.0,0.0,2011.0,7.0,25.0
384,0,52.0,114.0,41.798697,-87.736812,2.0,0.0,0.0,0.0,0.0,0.0,0.0,1.0,2007.0,8.0,24.0
385,0,96.0,161.0,41.719059,-87.675088,10.0,0.0,0.0,1.0,0.0,0.0,0.0,0.0,2007.0,8.0,2.0
386,0,11.0,90.0,41.868077,-87.666901,2.0,0.0,0.0,1.0,0.0,0.0,0.0,0.0,2011.0,6.0,17.0
387,0,13.0,209.0,41.740641,-87.546587,2.0,0.0,1.0,0.0,0.0,0.0,0.0,0.0,2009.0,8.0,7.0
388,0,37.0,218.0,41.948167,-87.730698,5.0,0.0,0.0,0.0,1.0,0.0,0.0,0.0,2011.0,9.0,23.0
389,0,10.0,138.0,41.726465000000005,-87.585413,50.0,0.0,1.0,0.0,0.0,0.0,0.0,0.0,2007.0,8.0,8.0
390,0,33.0,144.0,41.94016,-87.794896,15.0,0.0,0.0,1.0,0.0,0.0,0.0,0.0,2009.0,6.0,26.0
391,0,58.0,27.0,41.984809000000006,-87.728492,2.0,0.0,0.0,0.0,1.0,0.0,0.0,0.0,2011.0,8.0,12.0
392,0,24.0,128.0,41.704572,-87.56566600000001,1.0,0.0,0.0,1.0,0.0,0.0,0.0,0.0,2013.0,6.0,14.0
393,0,49.0,25.0,41.979243,-87.750938,3.0,0.0,0.0,1.0,0.0,0.0,0.0,0.0,2007.0,8.0,24.0
394,0,24.0,128.0,41.704572,-87.56566600000001,7.0,0.0,0.0,1.0,0.0,0.0,0.0,0.0,2013.0,7.0,19.0
395,0,77.0,80.0,41.754676,-87.612922,4.0,0.0,0.0,1.0,0.0,0.0,0.0,0.0,2009.0,7.0,10.0
396,0,11.0,103.0,41.702723999999996,-87.536497,33.0,0.0,0.0,1.0,0.0,0.0,0.0,0.0,2007.0,8.0,15.0
397,0,25.0,152.0,41.846075,-87.716277,2.0,0.0,0.0,1.0,0.0,0.0,0.0,0.0,2013.0,9.0,26.0
398,0,91.0,9.0,41.992478000000006,-87.862995,2.0,0.0,0.0,0.0,1.0,0.0,0.0,0.0,2013.0,8.0,15.0
399,0,70.0,151.0,41.916265,-87.800515,7.0,0.0,1.0,0.0,0.0,0.0,0.0,0.0,2009.0,9.0,17.0
400,0,28.0,147.0,41.932094,-87.700117,4.0,0.0,0.0,0.0,1.0,0.0,0.0,0.0,2009.0,6.0,5.0
401,0,52.0,114.0,41.798697,-87.736812,1.0,0.0,0.0,0.0,1.0,0.0,0.0,0.0,2009.0,7.0,10.0
402,0,75.0,148.0,42.01743,-87.68776899999999,1.0,0.0,0.0,0.0,1.0,0.0,0.0,0.0,2011.0,7.0,15.0
403,0,58.0,28.0,41.986921,-87.689778,28.0,0.0,0.0,0.0,1.0,0.0,0.0,0.0,2013.0,6.0,14.0
404,0,37.0,63.0,41.82561,-87.726549,16.0,0.0,0.0,0.0,1.0,0.0,0.0,0.0,2009.0,6.0,12.0
405,0,14.0,33.0,41.906638,-87.701431,13.0,0.0,0.0,1.0,0.0,0.0,0.0,0.0,2007.0,8.0,21.0
406,0,24.0,128.0,41.704572,-87.56566600000001,6.0,0.0,0.0,0.0,1.0,0.0,0.0,0.0,2011.0,8.0,5.0
407,0,12.0,115.0,41.673408,-87.599862,17.0,0.0,0.0,1.0,0.0,0.0,0.0,0.0,2011.0,7.0,15.0
408,0,91.0,9.0,41.992478000000006,-87.862995,6.0,0.0,0.0,0.0,1.0,0.0,0.0,0.0,2009.0,8.0,25.0
409,0,15.0,45.0,41.9216,-87.666455,1.0,0.0,1.0,0.0,0.0,0.0,0.0,0.0,2007.0,6.0,5.0
410,0,82.0,225.0,41.743402,-87.731435,8.0,0.0,0.0,0.0,1.0,0.0,0.0,0.0,2013.0,6.0,14.0
411,0,36.0,11.0,41.944869,-87.832763,4.0,0.0,0.0,0.0,1.0,0.0,0.0,0.0,2013.0,7.0,25.0
412,0,39.0,228.0,41.951865999999995,-87.72505699999999,3.0,0.0,0.0,1.0,0.0,0.0,0.0,0.0,2011.0,7.0,15.0
413,0,39.0,74.0,41.822536,-87.66634300000001,50.0,0.0,0.0,1.0,0.0,0.0,0.0,0.0,2013.0,7.0,12.0
414,0,17.0,39.0,41.911823999999996,-87.726737,2.0,0.0,0.0,0.0,1.0,0.0,0.0,0.0,2011.0,7.0,25.0
415,0,10.0,102.0,41.750498,-87.605294,9.0,0.0,0.0,1.0,0.0,0.0,0.0,0.0,2007.0,8.0,22.0
416,0,25.0,46.0,41.891118,-87.65449100000001,2.0,0.0,0.0,1.0,0.0,0.0,0.0,0.0,2011.0,6.0,17.0
417,0,71.0,233.0,42.009876,-87.807277,23.0,0.0,1.0,0.0,0.0,0.0,0.0,0.0,2013.0,8.0,15.0
418,0,89.0,159.0,41.732984,-87.649642,1.0,0.0,0.0,1.0,0.0,0.0,0.0,0.0,2011.0,8.0,5.0
419,0,37.0,212.0,41.680946,-87.535198,45.0,0.0,0.0,1.0,0.0,0.0,0.0,0.0,2009.0,7.0,13.0
420,0,79.0,83.0,41.754292,-87.590773,1.0,0.0,0.0,1.0,0.0,0.0,0.0,0.0,2011.0,9.0,12.0
421,0,40.0,221.0,41.659112,-87.53869300000001,1.0,0.0,0.0,0.0,1.0,0.0,0.0,0.0,2011.0,9.0,16.0
422,0,14.0,33.0,41.906638,-87.701431,6.0,0.0,0.0,1.0,0.0,0.0,0.0,0.0,2013.0,7.0,19.0
423,0,70.0,8.0,42.008314,-87.77792099999999,38.0,0.0,0.0,1.0,0.0,0.0,0.0,0.0,2013.0,8.0,1.0
424,0,35.0,62.0,41.800737,-87.71188000000001,19.0,0.0,0.0,1.0,0.0,0.0,0.0,0.0,2007.0,9.0,4.0
425,0,10.0,900.0,41.974689,-87.890615,8.0,0.0,0.0,0.0,1.0,0.0,0.0,0.0,2011.0,8.0,19.0
426,0,42.0,135.0,41.662014,-87.72460799999999,6.0,0.0,0.0,1.0,0.0,0.0,0.0,0.0,2013.0,9.0,26.0
427,0,36.0,11.0,41.944869,-87.832763,6.0,0.0,1.0,0.0,0.0,0.0,0.0,0.0,2013.0,8.0,29.0
428,0,39.0,74.0,41.822536,-87.66634300000001,2.0,0.0,0.0,1.0,0.0,0.0,0.0,0.0,2011.0,8.0,12.0
429,0,22.0,61.0,41.801179,-87.679447,3.0,0.0,0.0,1.0,0.0,0.0,0.0,0.0,2007.0,7.0,11.0
430,0,37.0,212.0,41.680946,-87.535198,14.0,0.0,1.0,0.0,0.0,0.0,0.0,0.0,2007.0,7.0,19.0
431,0,13.0,209.0,41.740641,-87.546587,7.0,0.0,0.0,1.0,0.0,0.0,0.0,0.0,2007.0,9.0,12.0
432,0,91.0,9.0,41.992478000000006,-87.862995,2.0,0.0,0.0,1.0,0.0,0.0,0.0,0.0,2009.0,8.0,27.0
433,0,43.0,145.0,41.878114000000004,-87.629798,3.0,0.0,0.0,1.0,0.0,0.0,0.0,0.0,2007.0,7.0,11.0
434,0,46.0,3.0,41.964242,-87.757639,1.0,0.0,1.0,0.0,0.0,0.0,0.0,0.0,2011.0,9.0,16.0
435,0,10.0,900.0,41.974689,-87.890615,50.0,0.0,0.0,1.0,0.0,0.0,0.0,0.0,2009.0,6.0,22.0
436,0,42.0,135.0,41.662014,-87.72460799999999,5.0,0.0,0.0,1.0,0.0,0.0,0.0,0.0,2009.0,9.0,25.0
437,0,14.0,33.0,41.906638,-87.701431,1.0,0.0,0.0,0.0,1.0,0.0,0.0,0.0,2013.0,6.0,21.0
438,0,50.0,82.0,41.803422999999995,-87.642984,1.0,0.0,0.0,0.0,1.0,0.0,0.0,0.0,2011.0,7.0,25.0
439,0,22.0,61.0,41.801179,-87.679447,17.0,0.0,1.0,0.0,0.0,0.0,0.0,0.0,2013.0,9.0,6.0
440,0,72.0,16.0,42.011601,-87.81150600000001,6.0,0.0,0.0,1.0,0.0,0.0,0.0,0.0,2009.0,7.0,6.0
441,0,40.0,1.0,41.953705,-87.733974,1.0,0.0,0.0,1.0,0.0,0.0,0.0,0.0,2007.0,8.0,1.0
442,0,82.0,97.0,41.644612,-87.60449799999999,15.0,0.0,1.0,0.0,0.0,0.0,0.0,0.0,2007.0,8.0,15.0
443,0,11.0,103.0,41.702723999999996,-87.536497,2.0,0.0,0.0,0.0,0.0,0.0,0.0,1.0,2007.0,8.0,28.0
444,0,10.0,900.0,41.974689,-87.890615,23.0,0.0,0.0,1.0,0.0,0.0,0.0,0.0,2011.0,9.0,16.0
445,0,40.0,221.0,41.659112,-87.53869300000001,11.0,0.0,0.0,1.0,0.0,0.0,0.0,0.0,2007.0,8.0,28.0
446,0,75.0,148.0,42.01743,-87.68776899999999,2.0,0.0,1.0,0.0,0.0,0.0,0.0,0.0,2007.0,8.0,7.0
447,0,15.0,45.0,41.9216,-87.666455,49.0,0.0,0.0,1.0,0.0,0.0,0.0,0.0,2007.0,8.0,15.0
448,0,73.0,67.0,41.759346,-87.745602,16.0,0.0,0.0,1.0,0.0,0.0,0.0,0.0,2007.0,8.0,1.0
449,0,75.0,148.0,42.01743,-87.68776899999999,22.0,0.0,0.0,1.0,0.0,0.0,0.0,0.0,2009.0,7.0,24.0
450,0,25.0,152.0,41.846075,-87.716277,2.0,0.0,1.0,0.0,0.0,0.0,0.0,0.0,2013.0,8.0,15.0
451,0,58.0,231.0,41.98728,-87.666066,2.0,0.0,1.0,0.0,0.0,0.0,0.0,0.0,2013.0,9.0,6.0
452,0,12.0,115.0,41.673408,-87.599862,50.0,0.0,1.0,0.0,0.0,0.0,0.0,0.0,2007.0,9.0,5.0
453,0,37.0,212.0,41.680946,-87.535198,42.0,0.0,0.0,0.0,0.0,0.0,0.0,1.0,2007.0,8.0,2.0
454,0,42.0,146.0,41.958271,-87.702575,8.0,0.0,1.0,0.0,0.0,0.0,0.0,0.0,2007.0,8.0,21.0
455,0,11.0,47.0,41.868142,-87.696269,18.0,0.0,0.0,1.0,0.0,0.0,0.0,0.0,2011.0,7.0,29.0
456,0,10.0,138.0,41.726465000000005,-87.585413,2.0,0.0,0.0,1.0,0.0,0.0,0.0,0.0,2007.0,8.0,8.0
457,0,24.0,128.0,41.704572,-87.56566600000001,1.0,0.0,0.0,1.0,0.0,0.0,0.0,0.0,2007.0,10.0,9.0
458,0,70.0,151.0,41.916265,-87.800515,5.0,0.0,1.0,0.0,0.0,0.0,0.0,0.0,2009.0,8.0,7.0
459,0,61.0,12.0,41.991429,-87.747113,3.0,0.0,0.0,0.0,1.0,0.0,0.0,0.0,2007.0,8.0,1.0
460,0,61.0,13.0,41.923738,-87.785288,14.0,0.0,0.0,1.0,0.0,0.0,0.0,0.0,2011.0,9.0,1.0
461,0,10.0,900.0,41.974689,-87.890615,6.0,0.0,0.0,1.0,0.0,0.0,0.0,0.0,2013.0,8.0,1.0
462,0,10.0,900.0,41.974689,-87.890615,4.0,0.0,0.0,0.0,1.0,0.0,0.0,0.0,2009.0,5.0,28.0
463,0,82.0,225.0,41.743402,-87.731435,45.0,0.0,0.0,1.0,0.0,0.0,0.0,0.0,2009.0,9.0,17.0
464,0,70.0,8.0,42.008314,-87.77792099999999,38.0,0.0,1.0,0.0,0.0,0.0,0.0,0.0,2013.0,8.0,8.0
465,0,18.0,150.0,42.006858,-87.675919,2.0,0.0,0.0,1.0,0.0,0.0,0.0,0.0,2007.0,8.0,15.0
466,0,35.0,62.0,41.800737,-87.71188000000001,1.0,0.0,1.0,0.0,0.0,0.0,0.0,0.0,2013.0,9.0,6.0
467,0,37.0,212.0,41.680946,-87.535198,3.0,0.0,1.0,0.0,0.0,0.0,0.0,0.0,2007.0,9.0,25.0
468,0,90.0,226.0,41.793818,-87.654234,18.0,0.0,0.0,1.0,0.0,0.0,0.0,0.0,2011.0,6.0,30.0
469,0,33.0,95.0,41.704336,-87.70373599999999,2.0,0.0,0.0,1.0,0.0,0.0,0.0,0.0,2009.0,8.0,27.0
470,0,37.0,218.0,41.948167,-87.730698,1.0,0.0,0.0,1.0,0.0,0.0,0.0,0.0,2011.0,7.0,29.0
471,0,40.0,221.0,41.659112,-87.53869300000001,7.0,0.0,0.0,1.0,0.0,0.0,0.0,0.0,2011.0,7.0,29.0
472,0,52.0,65.0,41.778296999999995,-87.752411,33.0,0.0,1.0,0.0,0.0,0.0,0.0,0.0,2007.0,8.0,15.0
473,0,10.0,73.0,41.773215,-87.60088,10.0,0.0,0.0,0.0,1.0,0.0,0.0,0.0,2009.0,8.0,13.0
474,0,21.0,50.0,41.919343,-87.694259,38.0,0.0,0.0,1.0,0.0,0.0,0.0,0.0,2007.0,8.0,21.0
475,0,12.0,18.0,42.010412,-87.66214000000001,1.0,0.0,0.0,1.0,0.0,0.0,0.0,0.0,2007.0,8.0,7.0
476,0,53.0,129.0,41.891126,-87.61156,1.0,0.0,0.0,0.0,0.0,0.0,0.0,1.0,2007.0,9.0,18.0
477,0,33.0,95.0,41.704336,-87.70373599999999,3.0,0.0,0.0,1.0,0.0,0.0,0.0,0.0,2011.0,9.0,2.0
478,0,10.0,900.0,41.974689,-87.890615,24.0,0.0,0.0,0.0,1.0,0.0,0.0,0.0,2013.0,7.0,8.0
479,0,22.0,61.0,41.801179,-87.679447,2.0,0.0,0.0,1.0,0.0,0.0,0.0,0.0,2009.0,6.0,2.0
480,0,82.0,225.0,41.743402,-87.731435,49.0,0.0,0.0,1.0,0.0,0.0,0.0,0.0,2009.0,9.0,25.0
481,0,36.0,11.0,41.944869,-87.832763,44.0,0.0,0.0,0.0,1.0,0.0,0.0,0.0,2009.0,6.0,12.0
482,0,10.0,903.0,41.957799,-87.930995,1.0,0.0,1.0,0.0,0.0,0.0,0.0,0.0,2011.0,6.0,10.0
483,0,12.0,115.0,41.673408,-87.599862,7.0,0.0,0.0,1.0,0.0,0.0,0.0,0.0,2013.0,6.0,21.0
484,0,63.0,155.0,41.776156,-87.778927,19.0,0.0,0.0,1.0,0.0,0.0,0.0,0.0,2013.0,9.0,12.0
485,0,18.0,150.0,42.006858,-87.675919,13.0,0.0,0.0,1.0,0.0,0.0,0.0,0.0,2007.0,8.0,7.0
486,0,67.0,66.0,41.77166,-87.703047,34.0,0.0,0.0,1.0,0.0,0.0,0.0,0.0,2013.0,8.0,29.0
487,0,10.0,900.0,41.974689,-87.890615,4.0,0.0,1.0,0.0,0.0,0.0,0.0,0.0,2013.0,8.0,15.0
488,0,33.0,95.0,41.704336,-87.70373599999999,1.0,0.0,1.0,0.0,0.0,0.0,0.0,0.0,2007.0,9.0,12.0
489,0,39.0,74.0,41.822536,-87.66634300000001,8.0,0.0,0.0,1.0,0.0,0.0,0.0,0.0,2013.0,8.0,29.0
490,0,22.0,69.0,41.768388,-87.678649,13.0,0.0,1.0,0.0,0.0,0.0,0.0,0.0,2013.0,9.0,6.0
491,0,12.0,115.0,41.673408,-87.599862,2.0,0.0,0.0,1.0,0.0,0.0,0.0,0.0,2011.0,8.0,19.0
492,0,70.0,151.0,41.916265,-87.800515,3.0,0.0,1.0,0.0,0.0,0.0,0.0,0.0,2007.0,8.0,7.0
493,0,62.0,236.0,41.994679,-87.770899,14.0,0.0,0.0,1.0,0.0,0.0,0.0,0.0,2013.0,6.0,14.0
494,0,58.0,231.0,41.98728,-87.666066,17.0,0.0,0.0,1.0,0.0,0.0,0.0,0.0,2013.0,8.0,22.0
495,0,42.0,135.0,41.662014,-87.72460799999999,2.0,0.0,0.0,0.0,0.0,0.0,0.0,1.0,2011.0,8.0,19.0
496,0,15.0,45.0,41.9216,-87.666455,8.0,0.0,1.0,0.0,0.0,0.0,0.0,0.0,2007.0,8.0,1.0
497,0,10.0,900.0,41.974689,-87.890615,13.0,0.0,0.0,0.0,1.0,0.0,0.0,0.0,2011.0,7.0,15.0
498,0,50.0,82.0,41.803422999999995,-87.642984,7.0,0.0,0.0,1.0,0.0,0.0,0.0,0.0,2009.0,7.0,17.0
499,0,11.0,47.0,41.868142,-87.696269,16.0,0.0,0.0,1.0,0.0,0.0,0.0,0.0,2011.0,6.0,17.0
500,0,12.0,115.0,41.673408,-87.599862,50.0,0.0,0.0,1.0,0.0,0.0,0.0,0.0,2007.0,8.0,1.0
501,0,58.0,27.0,41.984809000000006,-87.728492,2.0,0.0,1.0,0.0,0.0,0.0,0.0,0.0,2013.0,8.0,29.0
502,0,36.0,11.0,41.944869,-87.832763,16.0,0.0,1.0,0.0,0.0,0.0,0.0,0.0,2013.0,9.0,6.0
503,0,18.0,150.0,42.006858,-87.675919,2.0,0.0,0.0,0.0,1.0,0.0,0.0,0.0,2007.0,6.0,26.0
504,0,53.0,129.0,41.891126,-87.61156,1.0,0.0,0.0,1.0,0.0,0.0,0.0,0.0,2007.0,8.0,1.0
505,0,61.0,12.0,41.991429,-87.747113,23.0,0.0,1.0,0.0,0.0,0.0,0.0,0.0,2013.0,8.0,8.0
506,0,91.0,9.0,41.981964000000005,-87.812827,29.0,0.0,1.0,0.0,0.0,0.0,0.0,0.0,2007.0,9.0,24.0
507,0,24.0,128.0,41.704572,-87.56566600000001,3.0,0.0,1.0,0.0,0.0,0.0,0.0,0.0,2007.0,10.0,9.0
508,0,13.0,200.0,41.678618,-87.559308,12.0,0.0,1.0,0.0,0.0,0.0,0.0,0.0,2007.0,9.0,12.0
509,0,12.0,115.0,41.673408,-87.599862,50.0,0.0,1.0,0.0,0.0,0.0,0.0,0.0,2007.0,8.0,22.0
510,0,10.0,903.0,41.957799,-87.930995,1.0,0.0,1.0,0.0,0.0,0.0,0.0,0.0,2009.0,8.0,25.0
511,0,35.0,158.0,41.682587,-87.707973,12.0,0.0,0.0,1.0,0.0,0.0,0.0,0.0,2009.0,6.0,19.0
512,0,65.0,143.0,41.999128999999996,-87.795585,1.0,0.0,0.0,0.0,1.0,0.0,0.0,0.0,2007.0,7.0,11.0
513,0,50.0,31.0,41.801497999999995,-87.763416,5.0,0.0,0.0,1.0,0.0,0.0,0.0,0.0,2007.0,8.0,1.0
514,0,10.0,73.0,41.773215,-87.60088,5.0,0.0,0.0,0.0,1.0,0.0,0.0,0.0,2009.0,7.0,10.0
515,0,13.0,209.0,41.740641,-87.546587,7.0,0.0,0.0,1.0,0.0,0.0,0.0,0.0,2013.0,6.0,28.0
516,0,52.0,114.0,41.798697,-87.736812,2.0,0.0,0.0,0.0,1.0,0.0,0.0,0.0,2013.0,8.0,1.0
517,0,10.0,138.0,41.726465000000005,-87.585413,1.0,0.0,0.0,0.0,0.0,0.0,0.0,1.0,2011.0,9.0,12.0
518,0,22.0,86.0,41.688324,-87.676709,2.0,0.0,0.0,1.0,0.0,0.0,0.0,0.0,2007.0,9.0,24.0
519,0,17.0,224.0,41.947227000000005,-87.67145699999999,1.0,0.0,0.0,1.0,0.0,0.0,0.0,0.0,2011.0,8.0,19.0
520,0,64.0,14.0,41.970248,-87.787992,9.0,0.0,0.0,1.0,0.0,0.0,0.0,0.0,2007.0,10.0,4.0
521,0,12.0,115.0,41.673408,-87.599862,1.0,0.0,0.0,0.0,1.0,0.0,0.0,0.0,2011.0,9.0,23.0
522,0,10.0,30.0,41.899229999999996,-87.716788,17.0,0.0,0.0,0.0,1.0,0.0,0.0,0.0,2013.0,6.0,21.0
523,0,22.0,69.0,41.768388,-87.678649,2.0,0.0,0.0,0.0,1.0,0.0,0.0,0.0,2009.0,9.0,3.0
524,0,82.0,225.0,41.743402,-87.731435,50.0,0.0,0.0,1.0,0.0,0.0,0.0,0.0,2009.0,7.0,31.0
525,0,35.0,158.0,41.682587,-87.707973,5.0,0.0,0.0,1.0,0.0,0.0,0.0,0.0,2009.0,6.0,5.0
526,0,93.0,162.0,41.725516999999996,-87.61425799999999,2.0,0.0,0.0,1.0,0.0,0.0,0.0,0.0,2007.0,8.0,2.0
527,0,35.0,62.0,41.800737,-87.71188000000001,2.0,0.0,0.0,0.0,1.0,0.0,0.0,0.0,2007.0,8.0,21.0
528,0,28.0,147.0,41.932094,-87.700117,1.0,0.0,0.0,0.0,0.0,1.0,0.0,0.0,2011.0,6.0,17.0
529,0,10.0,900.0,41.974689,-87.890615,33.0,0.0,1.0,0.0,0.0,0.0,0.0,0.0,2013.0,9.0,19.0
530,0,75.0,148.0,42.01743,-87.68776899999999,5.0,0.0,0.0,0.0,1.0,0.0,0.0,0.0,2009.0,7.0,31.0
531,0,36.0,11.0,41.944869,-87.832763,2.0,0.0,1.0,0.0,0.0,0.0,0.0,0.0,2007.0,9.0,24.0
532,0,37.0,212.0,41.680946,-87.535198,1.0,0.0,0.0,0.0,0.0,0.0,0.0,1.0,2011.0,6.0,17.0
533,0,11.0,90.0,41.868077,-87.666901,3.0,0.0,0.0,0.0,1.0,0.0,0.0,0.0,2007.0,8.0,1.0
534,0,58.0,27.0,41.984809000000006,-87.728492,3.0,0.0,1.0,0.0,0.0,0.0,0.0,0.0,2007.0,8.0,21.0
535,0,63.0,155.0,41.776156,-87.778927,1.0,0.0,0.0,0.0,1.0,0.0,0.0,0.0,2009.0,6.0,26.0
536,0,25.0,152.0,41.846075,-87.716277,1.0,0.0,0.0,0.0,1.0,0.0,0.0,0.0,2011.0,6.0,17.0
537,0,15.0,153.0,41.907645,-87.760886,49.0,0.0,0.0,1.0,0.0,0.0,0.0,0.0,2007.0,8.0,15.0
538,0,11.0,48.0,41.867108,-87.654224,39.0,0.0,0.0,0.0,1.0,0.0,0.0,0.0,2009.0,6.0,12.0
539,0,11.0,92.0,41.869215999999994,-87.627561,5.0,0.0,0.0,1.0,0.0,0.0,0.0,0.0,2007.0,8.0,22.0
540,0,13.0,200.0,41.678618,-87.559308,5.0,0.0,1.0,0.0,0.0,0.0,0.0,0.0,2007.0,8.0,22.0
541,0,11.0,160.0,41.903002,-87.68826700000001,5.0,0.0,0.0,0.0,1.0,0.0,0.0,0.0,2009.0,7.0,6.0
542,0,17.0,224.0,41.947227000000005,-87.67145699999999,7.0,0.0,0.0,0.0,1.0,0.0,0.0,0.0,2013.0,7.0,12.0
543,0,47.0,75.0,41.799282,-87.585487,1.0,0.0,0.0,1.0,0.0,0.0,0.0,0.0,2007.0,8.0,1.0
544,0,79.0,83.0,41.754292,-87.590773,1.0,0.0,0.0,1.0,0.0,0.0,0.0,0.0,2007.0,8.0,21.0
545,0,35.0,158.0,41.682587,-87.707973,2.0,0.0,0.0,1.0,0.0,0.0,0.0,0.0,2009.0,6.0,12.0
546,0,10.0,138.0,41.726465000000005,-87.585413,1.0,0.0,0.0,0.0,0.0,0.0,0.0,1.0,2011.0,7.0,15.0
547,0,13.0,200.0,41.678618,-87.559308,32.0,0.0,0.0,1.0,0.0,0.0,0.0,0.0,2007.0,7.0,19.0
548,0,39.0,228.0,41.951865999999995,-87.72505699999999,4.0,0.0,0.0,1.0,0.0,0.0,0.0,0.0,2013.0,6.0,14.0
549,0,62.0,236.0,41.994679,-87.770899,31.0,0.0,1.0,0.0,0.0,0.0,0.0,0.0,2013.0,8.0,1.0
550,0,10.0,900.0,41.974689,-87.890615,15.0,0.0,0.0,1.0,0.0,0.0,0.0,0.0,2013.0,8.0,1.0
551,1,38.0,215.0,41.686398,-87.531635,50.0,0.0,0.0,1.0,0.0,0.0,0.0,0.0,2007.0,7.0,18.0
552,1,12.0,115.0,41.673408,-87.599862,50.0,0.0,0.0,1.0,0.0,0.0,0.0,0.0,2007.0,7.0,25.0
553,1,12.0,115.0,41.673408,-87.599862,50.0,0.0,0.0,1.0,0.0,0.0,0.0,0.0,2007.0,7.0,25.0
554,1,12.0,115.0,41.673408,-87.599862,50.0,0.0,1.0,0.0,0.0,0.0,0.0,0.0,2007.0,7.0,25.0
555,1,12.0,115.0,41.673408,-87.599862,50.0,0.0,1.0,0.0,0.0,0.0,0.0,0.0,2007.0,7.0,25.0
556,1,12.0,115.0,41.673408,-87.599862,50.0,0.0,1.0,0.0,0.0,0.0,0.0,0.0,2007.0,7.0,25.0
557,1,41.0,2.0,41.95469,-87.800991,50.0,0.0,0.0,1.0,0.0,0.0,0.0,0.0,2007.0,8.0,1.0
558,1,41.0,2.0,41.95469,-87.800991,21.0,0.0,0.0,1.0,0.0,0.0,0.0,0.0,2007.0,8.0,1.0
559,1,79.0,15.0,41.974089,-87.824812,5.0,0.0,0.0,1.0,0.0,0.0,0.0,0.0,2007.0,8.0,1.0
560,1,22.0,86.0,41.688324,-87.676709,33.0,0.0,0.0,1.0,0.0,0.0,0.0,0.0,2007.0,8.0,1.0
561,1,22.0,96.0,41.731922,-87.677512,15.0,0.0,1.0,0.0,0.0,0.0,0.0,0.0,2007.0,8.0,1.0
562,1,11.0,90.0,41.868077,-87.666901,17.0,0.0,0.0,1.0,0.0,0.0,0.0,0.0,2007.0,8.0,1.0
563,1,42.0,135.0,41.662014,-87.72460799999999,50.0,0.0,0.0,1.0,0.0,0.0,0.0,0.0,2007.0,8.0,1.0
564,1,42.0,135.0,41.662014,-87.72460799999999,10.0,0.0,1.0,0.0,0.0,0.0,0.0,0.0,2007.0,8.0,1.0
565,1,45.0,220.0,41.963976,-87.69181,2.0,0.0,0.0,1.0,0.0,0.0,0.0,0.0,2007.0,8.0,1.0
566,1,70.0,8.0,42.008314,-87.77792099999999,50.0,0.0,1.0,0.0,0.0,0.0,0.0,0.0,2007.0,8.0,1.0
567,1,33.0,144.0,41.94016,-87.794896,10.0,0.0,1.0,0.0,0.0,0.0,0.0,0.0,2007.0,8.0,1.0
568,1,52.0,65.0,41.778296999999995,-87.752411,28.0,0.0,0.0,1.0,0.0,0.0,0.0,0.0,2007.0,8.0,1.0
569,1,40.0,81.0,41.821582,-87.62779599999999,13.0,0.0,0.0,1.0,0.0,0.0,0.0,0.0,2007.0,8.0,1.0
570,1,50.0,82.0,41.803422999999995,-87.642984,3.0,0.0,0.0,1.0,0.0,0.0,0.0,0.0,2007.0,8.0,1.0
571,1,10.0,138.0,41.726465000000005,-87.585413,16.0,0.0,0.0,1.0,0.0,0.0,0.0,0.0,2007.0,8.0,1.0
572,1,11.0,103.0,41.702723999999996,-87.536497,50.0,0.0,0.0,1.0,0.0,0.0,0.0,0.0,2007.0,8.0,1.0
573,1,11.0,103.0,41.702723999999996,-87.536497,50.0,0.0,0.0,1.0,0.0,0.0,0.0,0.0,2007.0,8.0,1.0
574,1,11.0,103.0,41.702723999999996,-87.536497,50.0,0.0,0.0,1.0,0.0,0.0,0.0,0.0,2007.0,8.0,1.0
575,1,22.0,96.0,41.731922,-87.677512,9.0,0.0,0.0,1.0,0.0,0.0,0.0,0.0,2007.0,8.0,2.0
576,1,10.0,138.0,41.726465000000005,-87.585413,50.0,0.0,1.0,0.0,0.0,0.0,0.0,0.0,2007.0,8.0,2.0
577,1,37.0,212.0,41.680946,-87.535198,48.0,0.0,0.0,1.0,0.0,0.0,0.0,0.0,2007.0,8.0,2.0
578,1,79.0,15.0,41.974089,-87.824812,26.0,0.0,1.0,0.0,0.0,0.0,0.0,0.0,2007.0,8.0,7.0
579,1,65.0,143.0,41.999128999999996,-87.795585,15.0,0.0,0.0,1.0,0.0,0.0,0.0,0.0,2007.0,8.0,7.0
580,1,65.0,143.0,41.999128999999996,-87.795585,29.0,0.0,1.0,0.0,0.0,0.0,0.0,0.0,2007.0,8.0,7.0
581,1,36.0,11.0,41.944869,-87.832763,28.0,0.0,0.0,1.0,0.0,0.0,0.0,0.0,2007.0,8.0,7.0
582,1,36.0,11.0,41.944869,-87.832763,43.0,0.0,1.0,0.0,0.0,0.0,0.0,0.0,2007.0,8.0,7.0
583,1,72.0,16.0,42.011601,-87.81150600000001,37.0,0.0,1.0,0.0,0.0,0.0,0.0,0.0,2007.0,8.0,7.0
584,1,93.0,162.0,41.725516999999996,-87.61425799999999,7.0,0.0,1.0,0.0,0.0,0.0,0.0,0.0,2007.0,8.0,7.0
585,1,70.0,8.0,42.008314,-87.77792099999999,50.0,0.0,1.0,0.0,0.0,0.0,0.0,0.0,2007.0,8.0,7.0
586,1,70.0,8.0,42.008314,-87.77792099999999,20.0,0.0,1.0,0.0,0.0,0.0,0.0,0.0,2007.0,8.0,7.0
587,1,64.0,14.0,41.970248,-87.787992,44.0,0.0,1.0,0.0,0.0,0.0,0.0,0.0,2007.0,8.0,7.0
588,1,11.0,160.0,41.903002,-87.68826700000001,1.0,0.0,0.0,0.0,1.0,0.0,0.0,0.0,2007.0,8.0,7.0
589,1,50.0,82.0,41.803422999999995,-87.642984,8.0,0.0,1.0,0.0,0.0,0.0,0.0,0.0,2007.0,8.0,7.0
590,1,12.0,115.0,41.673408,-87.599862,30.0,0.0,0.0,1.0,0.0,0.0,0.0,0.0,2007.0,8.0,8.0
591,1,12.0,115.0,41.673408,-87.599862,30.0,0.0,1.0,0.0,0.0,0.0,0.0,0.0,2007.0,8.0,8.0
592,1,12.0,115.0,41.673408,-87.599862,37.0,0.0,1.0,0.0,0.0,0.0,0.0,0.0,2007.0,8.0,8.0
593,1,10.0,138.0,41.726465000000005,-87.585413,50.0,0.0,1.0,0.0,0.0,0.0,0.0,0.0,2007.0,8.0,8.0
594,1,10.0,138.0,41.726465000000005,-87.585413,50.0,0.0,1.0,0.0,0.0,0.0,0.0,0.0,2007.0,8.0,8.0
595,1,24.0,128.0,41.704572,-87.56566600000001,31.0,0.0,0.0,1.0,0.0,0.0,0.0,0.0,2007.0,8.0,8.0
596,1,11.0,103.0,41.702723999999996,-87.536497,50.0,0.0,1.0,0.0,0.0,0.0,0.0,0.0,2007.0,8.0,8.0
597,1,13.0,209.0,41.740641,-87.546587,41.0,0.0,1.0,0.0,0.0,0.0,0.0,0.0,2007.0,8.0,9.0
598,1,41.0,2.0,41.95469,-87.800991,41.0,0.0,0.0,1.0,0.0,0.0,0.0,0.0,2007.0,8.0,15.0
599,1,79.0,15.0,41.974089,-87.824812,11.0,0.0,1.0,0.0,0.0,0.0,0.0,0.0,2007.0,8.0,15.0
600,1,15.0,45.0,41.9216,-87.666455,42.0,0.0,0.0,1.0,0.0,0.0,0.0,0.0,2007.0,8.0,15.0
601,1,11.0,48.0,41.867108,-87.654224,1.0,0.0,0.0,0.0,1.0,0.0,0.0,0.0,2007.0,8.0,15.0
602,1,11.0,48.0,41.867108,-87.654224,3.0,0.0,1.0,0.0,0.0,0.0,0.0,0.0,2007.0,8.0,15.0
603,1,11.0,49.0,41.896282,-87.655232,1.0,0.0,0.0,0.0,1.0,0.0,0.0,0.0,2007.0,8.0,15.0
604,1,22.0,86.0,41.688324,-87.676709,1.0,0.0,0.0,0.0,1.0,0.0,0.0,0.0,2007.0,8.0,15.0
605,1,65.0,143.0,41.999128999999996,-87.795585,25.0,0.0,0.0,1.0,0.0,0.0,0.0,0.0,2007.0,8.0,15.0
606,1,65.0,143.0,41.999128999999996,-87.795585,42.0,0.0,0.0,1.0,0.0,0.0,0.0,0.0,2007.0,8.0,15.0
607,1,65.0,143.0,41.999128999999996,-87.795585,31.0,0.0,1.0,0.0,0.0,0.0,0.0,0.0,2007.0,8.0,15.0
608,1,91.0,9.0,41.981964000000005,-87.812827,38.0,0.0,0.0,1.0,0.0,0.0,0.0,0.0,2007.0,8.0,15.0
609,1,91.0,9.0,41.981964000000005,-87.812827,27.0,0.0,1.0,0.0,0.0,0.0,0.0,0.0,2007.0,8.0,15.0
610,1,36.0,11.0,41.944869,-87.832763,39.0,0.0,0.0,1.0,0.0,0.0,0.0,0.0,2007.0,8.0,15.0
611,1,36.0,11.0,41.944869,-87.832763,25.0,0.0,1.0,0.0,0.0,0.0,0.0,0.0,2007.0,8.0,15.0
612,1,72.0,16.0,42.011601,-87.81150600000001,49.0,0.0,0.0,1.0,0.0,0.0,0.0,0.0,2007.0,8.0,15.0
613,1,72.0,16.0,42.011601,-87.81150600000001,50.0,0.0,1.0,0.0,0.0,0.0,0.0,0.0,2007.0,8.0,15.0
614,1,72.0,16.0,42.011601,-87.81150600000001,50.0,0.0,1.0,0.0,0.0,0.0,0.0,0.0,2007.0,8.0,15.0
615,1,72.0,16.0,42.011601,-87.81150600000001,18.0,0.0,1.0,0.0,0.0,0.0,0.0,0.0,2007.0,8.0,15.0
616,1,14.0,33.0,41.906638,-87.701431,14.0,0.0,1.0,0.0,0.0,0.0,0.0,0.0,2007.0,8.0,15.0
617,1,40.0,142.0,41.953067,-87.776792,9.0,0.0,1.0,0.0,0.0,0.0,0.0,0.0,2007.0,8.0,15.0
618,1,43.0,145.0,41.878114000000004,-87.629798,25.0,0.0,1.0,0.0,0.0,0.0,0.0,0.0,2007.0,8.0,15.0
619,1,21.0,154.0,41.918704999999996,-87.752329,14.0,0.0,1.0,0.0,0.0,0.0,0.0,0.0,2007.0,8.0,15.0
620,1,35.0,158.0,41.682587,-87.707973,30.0,0.0,0.0,1.0,0.0,0.0,0.0,0.0,2007.0,8.0,15.0
621,1,46.0,3.0,41.964242,-87.757639,27.0,0.0,0.0,1.0,0.0,0.0,0.0,0.0,2007.0,8.0,15.0
622,1,46.0,3.0,41.964242,-87.757639,49.0,0.0,1.0,0.0,0.0,0.0,0.0,0.0,2007.0,8.0,15.0
623,1,60.0,6.0,41.990284,-87.797127,16.0,0.0,0.0,1.0,0.0,0.0,0.0,0.0,2007.0,8.0,15.0
624,1,60.0,6.0,41.990284,-87.797127,20.0,0.0,1.0,0.0,0.0,0.0,0.0,0.0,2007.0,8.0,15.0
625,1,70.0,8.0,42.008314,-87.77792099999999,12.0,0.0,1.0,0.0,0.0,0.0,0.0,0.0,2007.0,8.0,15.0
626,1,61.0,12.0,41.991429,-87.747113,16.0,0.0,1.0,0.0,0.0,0.0,0.0,0.0,2007.0,8.0,15.0
627,1,30.0,35.0,41.836644,-87.677737,1.0,0.0,0.0,0.0,1.0,0.0,0.0,0.0,2007.0,8.0,15.0
628,1,22.0,61.0,41.801179,-87.679447,35.0,0.0,1.0,0.0,0.0,0.0,0.0,0.0,2007.0,8.0,15.0
629,1,67.0,66.0,41.77166,-87.703047,20.0,0.0,1.0,0.0,0.0,0.0,0.0,0.0,2007.0,8.0,15.0
630,1,39.0,74.0,41.822536,-87.66634300000001,39.0,0.0,1.0,0.0,0.0,0.0,0.0,0.0,2007.0,8.0,15.0
631,1,50.0,82.0,41.803422999999995,-87.642984,36.0,0.0,1.0,0.0,0.0,0.0,0.0,0.0,2007.0,8.0,15.0
632,1,52.0,114.0,41.798697,-87.736812,23.0,0.0,1.0,0.0,0.0,0.0,0.0,0.0,2007.0,8.0,15.0
633,1,63.0,155.0,41.776156,-87.778927,20.0,0.0,0.0,1.0,0.0,0.0,0.0,0.0,2007.0,8.0,15.0
634,1,63.0,155.0,41.776156,-87.778927,26.0,0.0,1.0,0.0,0.0,0.0,0.0,0.0,2007.0,8.0,15.0
635,1,12.0,115.0,41.673408,-87.599862,44.0,0.0,0.0,1.0,0.0,0.0,0.0,0.0,2007.0,8.0,16.0
636,1,12.0,115.0,41.673408,-87.599862,50.0,0.0,1.0,0.0,0.0,0.0,0.0,0.0,2007.0,8.0,16.0
637,1,12.0,115.0,41.673408,-87.599862,50.0,0.0,1.0,0.0,0.0,0.0,0.0,0.0,2007.0,8.0,16.0
638,1,12.0,115.0,41.673408,-87.599862,50.0,0.0,1.0,0.0,0.0,0.0,0.0,0.0,2007.0,8.0,16.0
639,1,12.0,115.0,41.673408,-87.599862,50.0,0.0,1.0,0.0,0.0,0.0,0.0,0.0,2007.0,8.0,16.0
640,1,12.0,115.0,41.673408,-87.599862,32.0,0.0,1.0,0.0,0.0,0.0,0.0,0.0,2007.0,8.0,16.0
641,1,12.0,115.0,41.673408,-87.599862,50.0,0.0,1.0,0.0,0.0,0.0,0.0,0.0,2007.0,8.0,16.0
642,1,12.0,115.0,41.673408,-87.599862,50.0,0.0,1.0,0.0,0.0,0.0,0.0,0.0,2007.0,8.0,16.0
643,1,12.0,115.0,41.673408,-87.599862,50.0,0.0,1.0,0.0,0.0,0.0,0.0,0.0,2007.0,8.0,16.0
644,1,12.0,115.0,41.673408,-87.599862,50.0,0.0,1.0,0.0,0.0,0.0,0.0,0.0,2007.0,8.0,16.0
645,1,12.0,115.0,41.673408,-87.599862,50.0,0.0,1.0,0.0,0.0,0.0,0.0,0.0,2007.0,8.0,16.0
646,1,10.0,138.0,41.726465000000005,-87.585413,50.0,0.0,1.0,0.0,0.0,0.0,0.0,0.0,2007.0,8.0,16.0
647,1,10.0,138.0,41.726465000000005,-87.585413,50.0,0.0,1.0,0.0,0.0,0.0,0.0,0.0,2007.0,8.0,16.0
648,1,24.0,128.0,41.704572,-87.56566600000001,50.0,0.0,1.0,0.0,0.0,0.0,0.0,0.0,2007.0,8.0,16.0
649,1,24.0,128.0,41.704572,-87.56566600000001,50.0,0.0,1.0,0.0,0.0,0.0,0.0,0.0,2007.0,8.0,16.0
650,1,24.0,128.0,41.704572,-87.56566600000001,50.0,0.0,1.0,0.0,0.0,0.0,0.0,0.0,2007.0,8.0,16.0
651,1,10.0,138.0,41.726465000000005,-87.585413,43.0,0.0,1.0,0.0,0.0,0.0,0.0,0.0,2007.0,8.0,17.0
652,1,13.0,209.0,41.740641,-87.546587,37.0,0.0,1.0,0.0,0.0,0.0,0.0,0.0,2007.0,8.0,17.0
653,1,38.0,215.0,41.686398,-87.531635,30.0,0.0,1.0,0.0,0.0,0.0,0.0,0.0,2007.0,8.0,17.0
654,1,40.0,221.0,41.659112,-87.53869300000001,50.0,0.0,0.0,1.0,0.0,0.0,0.0,0.0,2007.0,8.0,17.0
655,1,40.0,221.0,41.659112,-87.53869300000001,48.0,0.0,1.0,0.0,0.0,0.0,0.0,0.0,2007.0,8.0,17.0
656,1,40.0,221.0,41.659112,-87.53869300000001,50.0,0.0,1.0,0.0,0.0,0.0,0.0,0.0,2007.0,8.0,17.0
657,1,40.0,221.0,41.659112,-87.53869300000001,50.0,0.0,1.0,0.0,0.0,0.0,0.0,0.0,2007.0,8.0,17.0
658,1,41.0,2.0,41.95469,-87.800991,23.0,0.0,0.0,1.0,0.0,0.0,0.0,0.0,2007.0,8.0,21.0
659,1,79.0,15.0,41.974089,-87.824812,5.0,0.0,0.0,1.0,0.0,0.0,0.0,0.0,2007.0,8.0,21.0
660,1,15.0,45.0,41.9216,-87.666455,28.0,0.0,0.0,1.0,0.0,0.0,0.0,0.0,2007.0,8.0,21.0
661,1,15.0,45.0,41.9216,-87.666455,17.0,0.0,1.0,0.0,0.0,0.0,0.0,0.0,2007.0,8.0,21.0
662,1,22.0,86.0,41.688324,-87.676709,48.0,0.0,0.0,1.0,0.0,0.0,0.0,0.0,2007.0,8.0,21.0
663,1,22.0,86.0,41.688324,-87.676709,50.0,0.0,1.0,0.0,0.0,0.0,0.0,0.0,2007.0,8.0,21.0
664,1,65.0,143.0,41.999128999999996,-87.795585,1.0,0.0,1.0,0.0,0.0,0.0,0.0,0.0,2007.0,8.0,21.0
665,1,36.0,11.0,41.944869,-87.832763,11.0,0.0,1.0,0.0,0.0,0.0,0.0,0.0,2007.0,8.0,21.0
666,1,72.0,16.0,42.011601,-87.81150600000001,4.0,0.0,0.0,1.0,0.0,0.0,0.0,0.0,2007.0,8.0,21.0
667,1,14.0,33.0,41.906638,-87.701431,8.0,0.0,1.0,0.0,0.0,0.0,0.0,0.0,2007.0,8.0,21.0
668,1,10.0,89.0,41.723195000000004,-87.64997,5.0,0.0,1.0,0.0,0.0,0.0,0.0,0.0,2007.0,8.0,21.0
669,1,11.0,90.0,41.868077,-87.666901,7.0,0.0,1.0,0.0,0.0,0.0,0.0,0.0,2007.0,8.0,21.0
670,1,70.0,151.0,41.916265,-87.800515,18.0,0.0,0.0,1.0,0.0,0.0,0.0,0.0,2007.0,8.0,21.0
671,1,46.0,3.0,41.964242,-87.757639,23.0,0.0,1.0,0.0,0.0,0.0,0.0,0.0,2007.0,8.0,21.0
672,1,60.0,6.0,41.990284,-87.797127,1.0,0.0,0.0,1.0,0.0,0.0,0.0,0.0,2007.0,8.0,21.0
673,1,60.0,6.0,41.990284,-87.797127,9.0,0.0,1.0,0.0,0.0,0.0,0.0,0.0,2007.0,8.0,21.0
674,1,70.0,8.0,42.008314,-87.77792099999999,6.0,0.0,0.0,1.0,0.0,0.0,0.0,0.0,2007.0,8.0,21.0
675,1,64.0,14.0,41.970248,-87.787992,22.0,0.0,0.0,1.0,0.0,0.0,0.0,0.0,2007.0,8.0,21.0
676,1,64.0,14.0,41.970248,-87.787992,23.0,0.0,1.0,0.0,0.0,0.0,0.0,0.0,2007.0,8.0,21.0
677,1,20.0,84.0,41.692555,-87.598865,7.0,0.0,1.0,0.0,0.0,0.0,0.0,0.0,2007.0,8.0,21.0
678,1,42.0,36.0,41.837084999999995,-87.729384,5.0,0.0,1.0,0.0,0.0,0.0,0.0,0.0,2007.0,8.0,21.0
679,1,17.0,39.0,41.911823999999996,-87.726737,28.0,0.0,0.0,1.0,0.0,0.0,0.0,0.0,2007.0,8.0,21.0
680,1,22.0,61.0,41.801179,-87.679447,13.0,0.0,0.0,1.0,0.0,0.0,0.0,0.0,2007.0,8.0,21.0
681,1,22.0,61.0,41.801179,-87.679447,18.0,0.0,1.0,0.0,0.0,0.0,0.0,0.0,2007.0,8.0,21.0
682,1,52.0,65.0,41.778296999999995,-87.752411,27.0,0.0,1.0,0.0,0.0,0.0,0.0,0.0,2007.0,8.0,21.0
683,1,52.0,65.0,41.778296999999995,-87.752411,40.0,0.0,1.0,0.0,0.0,0.0,0.0,0.0,2007.0,8.0,21.0
684,1,52.0,70.0,41.797616,-87.797894,13.0,0.0,0.0,1.0,0.0,0.0,0.0,0.0,2007.0,8.0,21.0
685,1,52.0,70.0,41.797616,-87.797894,10.0,0.0,1.0,0.0,0.0,0.0,0.0,0.0,2007.0,8.0,21.0
686,1,40.0,81.0,41.821582,-87.62779599999999,16.0,0.0,0.0,1.0,0.0,0.0,0.0,0.0,2007.0,8.0,21.0
687,1,50.0,82.0,41.803422999999995,-87.642984,8.0,0.0,0.0,1.0,0.0,0.0,0.0,0.0,2007.0,8.0,21.0
688,1,52.0,114.0,41.798697,-87.736812,8.0,0.0,0.0,1.0,0.0,0.0,0.0,0.0,2007.0,8.0,21.0
689,1,52.0,114.0,41.798697,-87.736812,1.0,0.0,0.0,0.0,1.0,0.0,0.0,0.0,2007.0,8.0,21.0
690,1,17.0,94.0,41.720848,-87.666014,28.0,0.0,1.0,0.0,0.0,0.0,0.0,0.0,2007.0,8.0,22.0
691,1,22.0,96.0,41.731922,-87.677512,43.0,0.0,0.0,1.0,0.0,0.0,0.0,0.0,2007.0,8.0,22.0
692,1,22.0,96.0,41.731922,-87.677512,35.0,0.0,1.0,0.0,0.0,0.0,0.0,0.0,2007.0,8.0,22.0
693,1,22.0,96.0,41.731922,-87.677512,50.0,0.0,1.0,0.0,0.0,0.0,0.0,0.0,2007.0,8.0,22.0
694,1,89.0,159.0,41.732984,-87.649642,24.0,0.0,0.0,1.0,0.0,0.0,0.0,0.0,2007.0,8.0,22.0
695,1,89.0,159.0,41.732984,-87.649642,40.0,0.0,1.0,0.0,0.0,0.0,0.0,0.0,2007.0,8.0,22.0
696,1,42.0,135.0,41.662014,-87.72460799999999,50.0,0.0,0.0,1.0,0.0,0.0,0.0,0.0,2007.0,8.0,22.0
697,1,42.0,135.0,41.662014,-87.72460799999999,50.0,0.0,1.0,0.0,0.0,0.0,0.0,0.0,2007.0,8.0,22.0
698,1,11.0,160.0,41.903002,-87.68826700000001,9.0,0.0,0.0,1.0,0.0,0.0,0.0,0.0,2007.0,8.0,22.0
699,1,12.0,115.0,41.673408,-87.599862,50.0,0.0,1.0,0.0,0.0,0.0,0.0,0.0,2007.0,8.0,22.0
700,1,12.0,115.0,41.673408,-87.599862,50.0,0.0,1.0,0.0,0.0,0.0,0.0,0.0,2007.0,8.0,22.0
701,1,12.0,115.0,41.673408,-87.599862,50.0,0.0,1.0,0.0,0.0,0.0,0.0,0.0,2007.0,8.0,22.0
702,1,12.0,115.0,41.673408,-87.599862,50.0,0.0,1.0,0.0,0.0,0.0,0.0,0.0,2007.0,8.0,22.0
703,1,12.0,115.0,41.673408,-87.599862,4.0,0.0,1.0,0.0,0.0,0.0,0.0,0.0,2007.0,8.0,22.0
704,1,12.0,115.0,41.673408,-87.599862,50.0,0.0,1.0,0.0,0.0,0.0,0.0,0.0,2007.0,8.0,22.0
705,1,12.0,115.0,41.673408,-87.599862,50.0,0.0,1.0,0.0,0.0,0.0,0.0,0.0,2007.0,8.0,22.0
706,1,10.0,138.0,41.726465000000005,-87.585413,50.0,0.0,0.0,1.0,0.0,0.0,0.0,0.0,2007.0,8.0,22.0
707,1,10.0,138.0,41.726465000000005,-87.585413,50.0,0.0,1.0,0.0,0.0,0.0,0.0,0.0,2007.0,8.0,22.0
708,1,10.0,138.0,41.726465000000005,-87.585413,50.0,0.0,1.0,0.0,0.0,0.0,0.0,0.0,2007.0,8.0,22.0
709,1,10.0,138.0,41.726465000000005,-87.585413,50.0,0.0,1.0,0.0,0.0,0.0,0.0,0.0,2007.0,8.0,22.0
710,1,10.0,138.0,41.726465000000005,-87.585413,50.0,0.0,1.0,0.0,0.0,0.0,0.0,0.0,2007.0,8.0,22.0
711,1,10.0,138.0,41.726465000000005,-87.585413,50.0,0.0,1.0,0.0,0.0,0.0,0.0,0.0,2007.0,8.0,22.0
712,1,10.0,138.0,41.726465000000005,-87.585413,50.0,0.0,1.0,0.0,0.0,0.0,0.0,0.0,2007.0,8.0,22.0
713,1,13.0,200.0,41.678618,-87.559308,47.0,0.0,1.0,0.0,0.0,0.0,0.0,0.0,2007.0,8.0,22.0
714,1,13.0,209.0,41.740641,-87.546587,25.0,0.0,1.0,0.0,0.0,0.0,0.0,0.0,2007.0,8.0,22.0
715,1,38.0,215.0,41.686398,-87.531635,22.0,0.0,0.0,1.0,0.0,0.0,0.0,0.0,2007.0,8.0,22.0
716,1,81.0,107.0,41.729669,-87.582699,3.0,0.0,0.0,1.0,0.0,0.0,0.0,0.0,2007.0,8.0,22.0
717,1,24.0,128.0,41.704572,-87.56566600000001,50.0,0.0,0.0,1.0,0.0,0.0,0.0,0.0,2007.0,8.0,22.0
718,1,24.0,128.0,41.704572,-87.56566600000001,50.0,0.0,0.0,1.0,0.0,0.0,0.0,0.0,2007.0,8.0,22.0
719,1,24.0,128.0,41.704572,-87.56566600000001,50.0,0.0,1.0,0.0,0.0,0.0,0.0,0.0,2007.0,8.0,22.0
720,1,24.0,128.0,41.704572,-87.56566600000001,50.0,0.0,1.0,0.0,0.0,0.0,0.0,0.0,2007.0,8.0,22.0
721,1,82.0,97.0,41.644612,-87.60449799999999,10.0,0.0,0.0,1.0,0.0,0.0,0.0,0.0,2007.0,8.0,22.0
722,1,40.0,221.0,41.659112,-87.53869300000001,25.0,0.0,1.0,0.0,0.0,0.0,0.0,0.0,2007.0,8.0,22.0
723,1,41.0,2.0,41.95469,-87.800991,27.0,0.0,0.0,1.0,0.0,0.0,0.0,0.0,2007.0,8.0,24.0
724,1,22.0,86.0,41.688324,-87.676709,49.0,0.0,0.0,1.0,0.0,0.0,0.0,0.0,2007.0,8.0,24.0
725,1,22.0,86.0,41.688324,-87.676709,2.0,0.0,1.0,0.0,0.0,0.0,0.0,0.0,2007.0,8.0,24.0
726,1,22.0,86.0,41.688324,-87.676709,36.0,0.0,1.0,0.0,0.0,0.0,0.0,0.0,2007.0,8.0,24.0
727,1,91.0,9.0,41.981964000000005,-87.812827,28.0,0.0,1.0,0.0,0.0,0.0,0.0,0.0,2007.0,8.0,24.0
728,1,36.0,11.0,41.944869,-87.832763,9.0,0.0,1.0,0.0,0.0,0.0,0.0,0.0,2007.0,8.0,24.0
729,1,72.0,16.0,42.011601,-87.81150600000001,9.0,0.0,0.0,1.0,0.0,0.0,0.0,0.0,2007.0,8.0,24.0
730,1,42.0,135.0,41.662014,-87.72460799999999,50.0,0.0,0.0,1.0,0.0,0.0,0.0,0.0,2007.0,8.0,24.0
731,1,42.0,135.0,41.662014,-87.72460799999999,50.0,0.0,1.0,0.0,0.0,0.0,0.0,0.0,2007.0,8.0,24.0
732,1,25.0,152.0,41.846075,-87.716277,5.0,0.0,1.0,0.0,0.0,0.0,0.0,0.0,2007.0,8.0,24.0
733,1,21.0,154.0,41.918704999999996,-87.752329,12.0,0.0,0.0,1.0,0.0,0.0,0.0,0.0,2007.0,8.0,24.0
734,1,46.0,3.0,41.964242,-87.757639,19.0,0.0,1.0,0.0,0.0,0.0,0.0,0.0,2007.0,8.0,24.0
735,1,61.0,12.0,41.991429,-87.747113,5.0,0.0,1.0,0.0,0.0,0.0,0.0,0.0,2007.0,8.0,24.0
736,1,64.0,14.0,41.970248,-87.787992,18.0,0.0,1.0,0.0,0.0,0.0,0.0,0.0,2007.0,8.0,24.0
737,1,33.0,144.0,41.94016,-87.794896,15.0,0.0,1.0,0.0,0.0,0.0,0.0,0.0,2007.0,8.0,24.0
738,1,11.0,160.0,41.903002,-87.68826700000001,3.0,0.0,1.0,0.0,0.0,0.0,0.0,0.0,2007.0,8.0,24.0
739,1,60.0,5.0,41.942114000000004,-87.776385,5.0,0.0,0.0,1.0,0.0,0.0,0.0,0.0,2007.0,8.0,24.0
740,1,60.0,5.0,41.942114000000004,-87.776385,12.0,0.0,1.0,0.0,0.0,0.0,0.0,0.0,2007.0,8.0,24.0
741,1,33.0,95.0,41.704336,-87.70373599999999,6.0,0.0,0.0,1.0,0.0,0.0,0.0,0.0,2007.0,8.0,24.0
742,1,10.0,73.0,41.773215,-87.60088,10.0,0.0,1.0,0.0,0.0,0.0,0.0,0.0,2007.0,8.0,24.0
743,1,77.0,80.0,41.754676,-87.612922,20.0,0.0,0.0,1.0,0.0,0.0,0.0,0.0,2007.0,8.0,24.0
744,1,50.0,82.0,41.803422999999995,-87.642984,16.0,0.0,0.0,1.0,0.0,0.0,0.0,0.0,2007.0,8.0,24.0
745,1,50.0,82.0,41.803422999999995,-87.642984,17.0,0.0,1.0,0.0,0.0,0.0,0.0,0.0,2007.0,8.0,24.0
746,1,79.0,83.0,41.754292,-87.590773,14.0,0.0,1.0,0.0,0.0,0.0,0.0,0.0,2007.0,8.0,24.0
747,1,63.0,155.0,41.776156,-87.778927,5.0,0.0,1.0,0.0,0.0,0.0,0.0,0.0,2007.0,8.0,24.0
748,1,12.0,115.0,41.673408,-87.599862,50.0,0.0,0.0,1.0,0.0,0.0,0.0,0.0,2007.0,8.0,28.0
749,1,12.0,115.0,41.673408,-87.599862,50.0,0.0,0.0,1.0,0.0,0.0,0.0,0.0,2007.0,8.0,28.0
750,1,12.0,115.0,41.673408,-87.599862,50.0,0.0,1.0,0.0,0.0,0.0,0.0,0.0,2007.0,8.0,28.0
751,1,12.0,115.0,41.673408,-87.599862,50.0,0.0,1.0,0.0,0.0,0.0,0.0,0.0,2007.0,8.0,28.0
752,1,10.0,138.0,41.726465000000005,-87.585413,50.0,0.0,1.0,0.0,0.0,0.0,0.0,0.0,2007.0,8.0,28.0
753,1,37.0,212.0,41.680946,-87.535198,26.0,0.0,1.0,0.0,0.0,0.0,0.0,0.0,2007.0,8.0,28.0
754,1,81.0,107.0,41.729669,-87.582699,4.0,0.0,0.0,1.0,0.0,0.0,0.0,0.0,2007.0,8.0,28.0
755,1,24.0,128.0,41.704572,-87.56566600000001,49.0,0.0,1.0,0.0,0.0,0.0,0.0,0.0,2007.0,8.0,28.0
756,1,11.0,103.0,41.702723999999996,-87.536497,50.0,0.0,1.0,0.0,0.0,0.0,0.0,0.0,2007.0,8.0,28.0
757,1,41.0,2.0,41.95469,-87.800991,10.0,0.0,0.0,1.0,0.0,0.0,0.0,0.0,2007.0,9.0,4.0
758,1,41.0,2.0,41.95469,-87.800991,13.0,0.0,1.0,0.0,0.0,0.0,0.0,0.0,2007.0,9.0,4.0
759,1,58.0,28.0,41.986921,-87.689778,1.0,0.0,0.0,1.0,0.0,0.0,0.0,0.0,2007.0,9.0,4.0
760,1,58.0,28.0,41.986921,-87.689778,5.0,0.0,1.0,0.0,0.0,0.0,0.0,0.0,2007.0,9.0,4.0
761,1,45.0,220.0,41.963976,-87.69181,1.0,0.0,1.0,0.0,0.0,0.0,0.0,0.0,2007.0,9.0,4.0
762,1,68.0,37.0,41.921177,-87.79518,3.0,0.0,0.0,1.0,0.0,0.0,0.0,0.0,2007.0,9.0,4.0
763,1,22.0,61.0,41.801179,-87.679447,13.0,0.0,1.0,0.0,0.0,0.0,0.0,0.0,2007.0,9.0,4.0
764,1,37.0,63.0,41.82561,-87.726549,2.0,0.0,0.0,1.0,0.0,0.0,0.0,0.0,2007.0,9.0,4.0
765,1,22.0,86.0,41.688324,-87.676709,13.0,0.0,1.0,0.0,0.0,0.0,0.0,0.0,2007.0,9.0,5.0
766,1,11.0,91.0,41.862292,-87.64886,7.0,0.0,0.0,1.0,0.0,0.0,0.0,0.0,2007.0,9.0,5.0
767,1,22.0,96.0,41.731922,-87.677512,13.0,0.0,0.0,1.0,0.0,0.0,0.0,0.0,2007.0,9.0,5.0
768,1,42.0,135.0,41.662014,-87.72460799999999,38.0,0.0,1.0,0.0,0.0,0.0,0.0,0.0,2007.0,9.0,5.0
769,1,10.0,85.0,41.721474,-87.648064,4.0,0.0,1.0,0.0,0.0,0.0,0.0,0.0,2007.0,9.0,5.0
770,1,39.0,74.0,41.822536,-87.66634300000001,3.0,0.0,1.0,0.0,0.0,0.0,0.0,0.0,2007.0,9.0,5.0
771,1,12.0,115.0,41.673408,-87.599862,50.0,0.0,1.0,0.0,0.0,0.0,0.0,0.0,2007.0,9.0,5.0
772,1,12.0,115.0,41.673408,-87.599862,50.0,0.0,1.0,0.0,0.0,0.0,0.0,0.0,2007.0,9.0,5.0
773,1,12.0,115.0,41.673408,-87.599862,50.0,0.0,1.0,0.0,0.0,0.0,0.0,0.0,2007.0,9.0,5.0
774,1,11.0,103.0,41.702723999999996,-87.536497,23.0,0.0,1.0,0.0,0.0,0.0,0.0,0.0,2007.0,9.0,5.0
775,1,10.0,138.0,41.726465000000005,-87.585413,50.0,0.0,1.0,0.0,0.0,0.0,0.0,0.0,2007.0,9.0,6.0
776,1,37.0,212.0,41.680946,-87.535198,21.0,0.0,0.0,1.0,0.0,0.0,0.0,0.0,2007.0,9.0,6.0
777,1,41.0,2.0,41.95469,-87.800991,6.0,0.0,1.0,0.0,0.0,0.0,0.0,0.0,2007.0,9.0,12.0
778,1,36.0,11.0,41.944869,-87.832763,10.0,0.0,0.0,1.0,0.0,0.0,0.0,0.0,2007.0,9.0,12.0
779,1,73.0,67.0,41.759346,-87.745602,16.0,0.0,0.0,1.0,0.0,0.0,0.0,0.0,2007.0,9.0,12.0
780,1,10.0,73.0,41.773215,-87.60088,1.0,0.0,1.0,0.0,0.0,0.0,0.0,0.0,2007.0,9.0,12.0
781,1,52.0,114.0,41.798697,-87.736812,9.0,0.0,0.0,1.0,0.0,0.0,0.0,0.0,2007.0,9.0,12.0
782,1,12.0,115.0,41.673408,-87.599862,26.0,0.0,1.0,0.0,0.0,0.0,0.0,0.0,2007.0,9.0,19.0
783,1,12.0,115.0,41.673408,-87.599862,50.0,0.0,1.0,0.0,0.0,0.0,0.0,0.0,2007.0,9.0,24.0
784,1,12.0,115.0,41.673408,-87.599862,50.0,0.0,1.0,0.0,0.0,0.0,0.0,0.0,2007.0,9.0,24.0
785,1,35.0,62.0,41.800737,-87.71188000000001,12.0,0.0,1.0,0.0,0.0,0.0,0.0,0.0,2007.0,10.0,4.0
786,1,66.0,156.0,41.772846,-87.740029,8.0,0.0,1.0,0.0,0.0,0.0,0.0,0.0,2007.0,10.0,4.0
787,1,41.0,2.0,41.95469,-87.800991,50.0,0.0,0.0,1.0,0.0,0.0,0.0,0.0,2009.0,7.0,24.0
788,1,50.0,31.0,41.801497999999995,-87.763416,38.0,0.0,0.0,1.0,0.0,0.0,0.0,0.0,2009.0,7.0,24.0
789,1,33.0,95.0,41.704336,-87.70373599999999,12.0,0.0,0.0,1.0,0.0,0.0,0.0,0.0,2009.0,7.0,27.0
790,1,33.0,95.0,41.704336,-87.70373599999999,8.0,0.0,0.0,0.0,1.0,0.0,0.0,0.0,2009.0,7.0,27.0
791,1,82.0,225.0,41.743402,-87.731435,50.0,0.0,0.0,1.0,0.0,0.0,0.0,0.0,2009.0,7.0,31.0
792,1,11.0,90.0,41.868077,-87.666901,29.0,0.0,0.0,1.0,0.0,0.0,0.0,0.0,2009.0,8.0,13.0
793,1,11.0,160.0,41.903002,-87.68826700000001,1.0,0.0,0.0,0.0,1.0,0.0,0.0,0.0,2009.0,8.0,13.0
794,1,36.0,11.0,41.944869,-87.832763,26.0,0.0,0.0,1.0,0.0,0.0,0.0,0.0,2009.0,8.0,25.0
795,1,10.0,102.0,41.750498,-87.605294,1.0,0.0,0.0,1.0,0.0,0.0,0.0,0.0,2009.0,8.0,25.0
796,1,40.0,221.0,41.659112,-87.53869300000001,4.0,0.0,0.0,1.0,0.0,0.0,0.0,0.0,2009.0,8.0,25.0
797,1,91.0,9.0,41.992478000000006,-87.862995,42.0,0.0,0.0,1.0,0.0,0.0,0.0,0.0,2009.0,8.0,25.0
798,1,10.0,900.0,41.974689,-87.890615,50.0,0.0,0.0,1.0,0.0,0.0,0.0,0.0,2009.0,8.0,25.0
799,1,10.0,903.0,41.957799,-87.930995,50.0,0.0,0.0,1.0,0.0,0.0,0.0,0.0,2009.0,8.0,25.0
800,1,10.0,903.0,41.957799,-87.930995,14.0,0.0,0.0,0.0,1.0,0.0,0.0,0.0,2009.0,8.0,25.0
801,1,10.0,900.0,41.974689,-87.890615,5.0,0.0,0.0,0.0,1.0,0.0,0.0,0.0,2009.0,9.0,3.0
802,1,35.0,158.0,41.682587,-87.707973,9.0,0.0,0.0,1.0,0.0,0.0,0.0,0.0,2009.0,9.0,14.0
803,1,13.0,230.0,41.904194,-87.756155,8.0,0.0,0.0,1.0,0.0,0.0,0.0,0.0,2009.0,9.0,14.0
804,1,39.0,228.0,41.951865999999995,-87.72505699999999,2.0,0.0,0.0,0.0,1.0,0.0,0.0,0.0,2009.0,9.0,14.0
805,1,61.0,13.0,41.923738,-87.785288,1.0,0.0,0.0,0.0,1.0,0.0,0.0,0.0,2009.0,9.0,25.0
806,1,10.0,900.0,41.974689,-87.890615,37.0,0.0,0.0,1.0,0.0,0.0,0.0,0.0,2011.0,7.0,25.0
807,1,10.0,900.0,41.974689,-87.890615,21.0,0.0,0.0,0.0,1.0,0.0,0.0,0.0,2011.0,7.0,25.0
808,1,82.0,225.0,41.743402,-87.731435,16.0,0.0,0.0,0.0,1.0,0.0,0.0,0.0,2011.0,7.0,25.0
809,1,50.0,31.0,41.801497999999995,-87.763416,50.0,0.0,0.0,1.0,0.0,0.0,0.0,0.0,2011.0,7.0,29.0
810,1,11.0,90.0,41.868077,-87.666901,8.0,0.0,0.0,0.0,1.0,0.0,0.0,0.0,2011.0,7.0,29.0
811,1,10.0,900.0,41.974689,-87.890615,21.0,0.0,0.0,1.0,0.0,0.0,0.0,0.0,2011.0,7.0,29.0
812,1,10.0,900.0,41.974689,-87.890615,21.0,0.0,0.0,1.0,0.0,0.0,0.0,0.0,2011.0,7.0,29.0
813,1,10.0,900.0,41.974689,-87.890615,17.0,0.0,0.0,0.0,1.0,0.0,0.0,0.0,2011.0,7.0,29.0
814,1,10.0,903.0,41.957799,-87.930995,18.0,0.0,0.0,1.0,0.0,0.0,0.0,0.0,2011.0,7.0,29.0
815,1,10.0,903.0,41.957799,-87.930995,10.0,0.0,0.0,0.0,1.0,0.0,0.0,0.0,2011.0,7.0,29.0
816,1,51.0,223.0,41.973845000000004,-87.805059,50.0,0.0,0.0,1.0,0.0,0.0,0.0,0.0,2011.0,7.0,29.0
817,1,70.0,8.0,42.008314,-87.77792099999999,23.0,0.0,0.0,1.0,0.0,0.0,0.0,0.0,2011.0,8.0,5.0
818,1,10.0,900.0,41.974689,-87.890615,11.0,0.0,0.0,1.0,0.0,0.0,0.0,0.0,2011.0,8.0,5.0
819,1,10.0,900.0,41.974689,-87.890615,16.0,0.0,0.0,1.0,0.0,0.0,0.0,0.0,2011.0,8.0,5.0
820,1,10.0,903.0,41.957799,-87.930995,39.0,0.0,0.0,1.0,0.0,0.0,0.0,0.0,2011.0,8.0,5.0
821,1,10.0,903.0,41.957799,-87.930995,7.0,0.0,0.0,0.0,1.0,0.0,0.0,0.0,2011.0,8.0,5.0
822,1,33.0,95.0,41.704336,-87.70373599999999,4.0,0.0,0.0,1.0,0.0,0.0,0.0,0.0,2011.0,8.0,12.0
823,1,40.0,81.0,41.821582,-87.62779599999999,1.0,0.0,1.0,0.0,0.0,0.0,0.0,0.0,2011.0,8.0,12.0
824,1,12.0,115.0,41.673408,-87.599862,39.0,0.0,0.0,1.0,0.0,0.0,0.0,0.0,2011.0,8.0,12.0
825,1,10.0,900.0,41.974689,-87.890615,50.0,0.0,0.0,1.0,0.0,0.0,0.0,0.0,2011.0,8.0,12.0
826,1,10.0,900.0,41.974689,-87.890615,3.0,0.0,0.0,1.0,0.0,0.0,0.0,0.0,2011.0,8.0,12.0
827,1,10.0,900.0,41.974689,-87.890615,50.0,0.0,0.0,1.0,0.0,0.0,0.0,0.0,2011.0,8.0,12.0
828,1,10.0,900.0,41.974689,-87.890615,7.0,0.0,0.0,1.0,0.0,0.0,0.0,0.0,2011.0,8.0,12.0
829,1,10.0,900.0,41.974689,-87.890615,11.0,0.0,1.0,0.0,0.0,0.0,0.0,0.0,2011.0,8.0,12.0
830,1,10.0,903.0,41.957799,-87.930995,50.0,0.0,0.0,1.0,0.0,0.0,0.0,0.0,2011.0,8.0,12.0
831,1,10.0,903.0,41.957799,-87.930995,8.0,0.0,0.0,1.0,0.0,0.0,0.0,0.0,2011.0,8.0,12.0
832,1,51.0,223.0,41.973845000000004,-87.805059,3.0,0.0,0.0,0.0,1.0,0.0,0.0,0.0,2011.0,8.0,12.0
833,1,58.0,28.0,41.986921,-87.689778,4.0,0.0,0.0,1.0,0.0,0.0,0.0,0.0,2011.0,8.0,19.0
834,1,10.0,73.0,41.773215,-87.60088,16.0,0.0,0.0,1.0,0.0,0.0,0.0,0.0,2011.0,8.0,19.0
835,1,10.0,900.0,41.974689,-87.890615,37.0,0.0,1.0,0.0,0.0,0.0,0.0,0.0,2011.0,8.0,19.0
836,1,10.0,900.0,41.974689,-87.890615,31.0,0.0,1.0,0.0,0.0,0.0,0.0,0.0,2011.0,8.0,19.0
837,1,52.0,114.0,41.798697,-87.736812,46.0,0.0,0.0,1.0,0.0,0.0,0.0,0.0,2011.0,8.0,26.0
838,1,10.0,900.0,41.974689,-87.890615,9.0,0.0,0.0,0.0,1.0,0.0,0.0,0.0,2011.0,8.0,26.0
839,1,51.0,223.0,41.973845000000004,-87.805059,5.0,0.0,0.0,1.0,0.0,0.0,0.0,0.0,2011.0,8.0,26.0
840,1,82.0,225.0,41.743402,-87.731435,3.0,0.0,0.0,1.0,0.0,0.0,0.0,0.0,2011.0,8.0,26.0
841,1,70.0,151.0,41.916265,-87.800515,37.0,0.0,0.0,1.0,0.0,0.0,0.0,0.0,2011.0,9.0,1.0
842,1,46.0,3.0,41.964242,-87.757639,36.0,0.0,0.0,1.0,0.0,0.0,0.0,0.0,2011.0,9.0,1.0
843,1,58.0,27.0,41.984809000000006,-87.728492,5.0,0.0,0.0,1.0,0.0,0.0,0.0,0.0,2011.0,9.0,1.0
844,1,51.0,223.0,41.973845000000004,-87.805059,11.0,0.0,0.0,1.0,0.0,0.0,0.0,0.0,2011.0,9.0,1.0
845,1,35.0,158.0,41.682587,-87.707973,13.0,0.0,0.0,1.0,0.0,0.0,0.0,0.0,2011.0,9.0,2.0
846,1,10.0,900.0,41.974689,-87.890615,23.0,0.0,0.0,1.0,0.0,0.0,0.0,0.0,2011.0,9.0,2.0
847,1,10.0,903.0,41.957799,-87.930995,12.0,0.0,1.0,0.0,0.0,0.0,0.0,0.0,2011.0,9.0,2.0
848,1,37.0,218.0,41.948167,-87.730698,6.0,0.0,0.0,1.0,0.0,0.0,0.0,0.0,2011.0,9.0,12.0
849,1,46.0,3.0,41.964242,-87.757639,22.0,0.0,0.0,1.0,0.0,0.0,0.0,0.0,2011.0,9.0,12.0
850,1,17.0,39.0,41.911823999999996,-87.726737,3.0,0.0,0.0,1.0,0.0,0.0,0.0,0.0,2011.0,9.0,12.0
851,1,10.0,900.0,41.974689,-87.890615,24.0,0.0,0.0,1.0,0.0,0.0,0.0,0.0,2011.0,9.0,12.0
852,1,10.0,900.0,41.974689,-87.890615,1.0,0.0,0.0,0.0,1.0,0.0,0.0,0.0,2011.0,9.0,12.0
853,1,13.0,230.0,41.904194,-87.756155,24.0,0.0,0.0,1.0,0.0,0.0,0.0,0.0,2011.0,9.0,12.0
854,1,79.0,83.0,41.754292,-87.590773,9.0,0.0,0.0,1.0,0.0,0.0,0.0,0.0,2011.0,9.0,16.0
855,1,52.0,114.0,41.798697,-87.736812,36.0,0.0,0.0,1.0,0.0,0.0,0.0,0.0,2011.0,9.0,16.0
856,1,10.0,903.0,41.957799,-87.930995,16.0,0.0,1.0,0.0,0.0,0.0,0.0,0.0,2011.0,9.0,16.0
857,1,41.0,2.0,41.95469,-87.800991,13.0,0.0,0.0,1.0,0.0,0.0,0.0,0.0,2011.0,9.0,23.0
858,1,70.0,151.0,41.916265,-87.800515,29.0,0.0,0.0,1.0,0.0,0.0,0.0,0.0,2011.0,9.0,23.0
859,1,37.0,218.0,41.948167,-87.730698,18.0,0.0,0.0,1.0,0.0,0.0,0.0,0.0,2011.0,9.0,23.0
860,1,46.0,3.0,41.964242,-87.757639,43.0,0.0,0.0,1.0,0.0,0.0,0.0,0.0,2011.0,9.0,23.0
861,1,61.0,13.0,41.923738,-87.785288,46.0,0.0,0.0,1.0,0.0,0.0,0.0,0.0,2011.0,9.0,23.0
862,1,51.0,223.0,41.973845000000004,-87.805059,24.0,0.0,0.0,1.0,0.0,0.0,0.0,0.0,2011.0,9.0,23.0
863,1,17.0,94.0,41.720848,-87.666014,38.0,0.0,0.0,1.0,0.0,0.0,0.0,0.0,2013.0,6.0,28.0
864,1,89.0,159.0,41.732984,-87.649642,27.0,0.0,0.0,1.0,0.0,0.0,0.0,0.0,2013.0,7.0,12.0
865,1,35.0,158.0,41.682587,-87.707973,36.0,0.0,0.0,0.0,1.0,0.0,0.0,0.0,2013.0,7.0,12.0
866,1,70.0,8.0,42.008314,-87.77792099999999,33.0,0.0,0.0,1.0,0.0,0.0,0.0,0.0,2013.0,7.0,12.0
867,1,70.0,8.0,42.008314,-87.77792099999999,45.0,0.0,0.0,0.0,1.0,0.0,0.0,0.0,2013.0,7.0,12.0
868,1,10.0,73.0,41.773215,-87.60088,9.0,0.0,0.0,0.0,1.0,0.0,0.0,0.0,2013.0,7.0,12.0
869,1,39.0,228.0,41.951865999999995,-87.72505699999999,29.0,0.0,0.0,0.0,1.0,0.0,0.0,0.0,2013.0,7.0,12.0
870,1,58.0,231.0,41.98728,-87.666066,19.0,0.0,0.0,0.0,1.0,0.0,0.0,0.0,2013.0,7.0,12.0
871,1,11.0,48.0,41.867108,-87.654224,37.0,0.0,0.0,1.0,0.0,0.0,0.0,0.0,2013.0,7.0,19.0
872,1,50.0,31.0,41.801497999999995,-87.763416,16.0,0.0,0.0,1.0,0.0,0.0,0.0,0.0,2013.0,7.0,19.0
873,1,46.0,3.0,41.964242,-87.757639,7.0,0.0,0.0,1.0,0.0,0.0,0.0,0.0,2013.0,7.0,19.0
874,1,70.0,8.0,42.008314,-87.77792099999999,50.0,0.0,0.0,1.0,0.0,0.0,0.0,0.0,2013.0,7.0,19.0
875,1,61.0,13.0,41.923738,-87.785288,23.0,0.0,0.0,1.0,0.0,0.0,0.0,0.0,2013.0,7.0,19.0
876,1,10.0,30.0,41.899229999999996,-87.716788,50.0,0.0,0.0,1.0,0.0,0.0,0.0,0.0,2013.0,7.0,19.0
877,1,24.0,128.0,41.704572,-87.56566600000001,13.0,0.0,0.0,0.0,1.0,0.0,0.0,0.0,2013.0,7.0,19.0
878,1,10.0,900.0,41.974689,-87.890615,49.0,0.0,0.0,1.0,0.0,0.0,0.0,0.0,2013.0,7.0,19.0
879,1,10.0,900.0,41.974689,-87.890615,47.0,0.0,0.0,0.0,1.0,0.0,0.0,0.0,2013.0,7.0,19.0
880,1,10.0,900.0,41.974689,-87.890615,46.0,0.0,0.0,0.0,1.0,0.0,0.0,0.0,2013.0,7.0,19.0
881,1,82.0,225.0,41.743402,-87.731435,50.0,0.0,0.0,0.0,1.0,0.0,0.0,0.0,2013.0,7.0,19.0
882,1,90.0,226.0,41.793818,-87.654234,33.0,0.0,0.0,0.0,1.0,0.0,0.0,0.0,2013.0,7.0,19.0
883,1,13.0,230.0,41.904194,-87.756155,34.0,0.0,0.0,0.0,1.0,0.0,0.0,0.0,2013.0,7.0,19.0
884,1,39.0,228.0,41.951865999999995,-87.72505699999999,17.0,0.0,0.0,1.0,0.0,0.0,0.0,0.0,2013.0,7.0,19.0
885,1,39.0,228.0,41.951865999999995,-87.72505699999999,43.0,0.0,0.0,0.0,1.0,0.0,0.0,0.0,2013.0,7.0,19.0
886,1,22.0,54.0,41.921965,-87.632085,3.0,0.0,0.0,0.0,1.0,0.0,0.0,0.0,2013.0,7.0,25.0
887,1,71.0,79.0,41.766202,-87.562889,18.0,0.0,0.0,1.0,0.0,0.0,0.0,0.0,2013.0,7.0,25.0
888,1,17.0,94.0,41.720848,-87.666014,4.0,0.0,1.0,0.0,0.0,0.0,0.0,0.0,2013.0,8.0,1.0
889,1,28.0,147.0,41.932094,-87.700117,24.0,0.0,0.0,1.0,0.0,0.0,0.0,0.0,2013.0,8.0,1.0
890,1,28.0,147.0,41.932094,-87.700117,10.0,0.0,0.0,0.0,1.0,0.0,0.0,0.0,2013.0,8.0,1.0
891,1,28.0,147.0,41.932094,-87.700117,27.0,0.0,1.0,0.0,0.0,0.0,0.0,0.0,2013.0,8.0,1.0
892,1,46.0,3.0,41.964242,-87.757639,35.0,0.0,0.0,1.0,0.0,0.0,0.0,0.0,2013.0,8.0,1.0
893,1,61.0,13.0,41.923738,-87.785288,42.0,0.0,0.0,1.0,0.0,0.0,0.0,0.0,2013.0,8.0,1.0
894,1,10.0,30.0,41.899229999999996,-87.716788,46.0,0.0,0.0,1.0,0.0,0.0,0.0,0.0,2013.0,8.0,1.0
895,1,40.0,221.0,41.659112,-87.53869300000001,5.0,0.0,0.0,0.0,1.0,0.0,0.0,0.0,2013.0,8.0,1.0
896,1,10.0,900.0,41.974689,-87.890615,50.0,0.0,0.0,1.0,0.0,0.0,0.0,0.0,2013.0,8.0,1.0
897,1,10.0,900.0,41.974689,-87.890615,50.0,0.0,0.0,1.0,0.0,0.0,0.0,0.0,2013.0,8.0,1.0
898,1,10.0,900.0,41.974689,-87.890615,50.0,0.0,0.0,1.0,0.0,0.0,0.0,0.0,2013.0,8.0,1.0
899,1,10.0,900.0,41.974689,-87.890615,50.0,0.0,0.0,1.0,0.0,0.0,0.0,0.0,2013.0,8.0,1.0
900,1,10.0,900.0,41.974689,-87.890615,50.0,0.0,0.0,1.0,0.0,0.0,0.0,0.0,2013.0,8.0,1.0
901,1,10.0,900.0,41.974689,-87.890615,50.0,0.0,0.0,1.0,0.0,0.0,0.0,0.0,2013.0,8.0,1.0
902,1,10.0,900.0,41.974689,-87.890615,38.0,0.0,0.0,1.0,0.0,0.0,0.0,0.0,2013.0,8.0,1.0
903,1,10.0,900.0,41.974689,-87.890615,48.0,0.0,0.0,1.0,0.0,0.0,0.0,0.0,2013.0,8.0,1.0
904,1,10.0,900.0,41.974689,-87.890615,50.0,0.0,0.0,1.0,0.0,0.0,0.0,0.0,2013.0,8.0,1.0
905,1,82.0,225.0,41.743402,-87.731435,20.0,0.0,0.0,1.0,0.0,0.0,0.0,0.0,2013.0,8.0,1.0
906,1,82.0,225.0,41.743402,-87.731435,7.0,0.0,0.0,0.0,1.0,0.0,0.0,0.0,2013.0,8.0,1.0
907,1,65.0,227.0,41.728495,-87.60096300000001,21.0,0.0,0.0,1.0,0.0,0.0,0.0,0.0,2013.0,8.0,1.0
908,1,17.0,224.0,41.947227000000005,-87.67145699999999,12.0,0.0,1.0,0.0,0.0,0.0,0.0,0.0,2013.0,8.0,1.0
909,1,58.0,231.0,41.98728,-87.666066,17.0,0.0,1.0,0.0,0.0,0.0,0.0,0.0,2013.0,8.0,1.0
910,1,41.0,2.0,41.95469,-87.800991,27.0,0.0,0.0,1.0,0.0,0.0,0.0,0.0,2013.0,8.0,8.0
911,1,41.0,2.0,41.95469,-87.800991,50.0,0.0,0.0,1.0,0.0,0.0,0.0,0.0,2013.0,8.0,8.0
912,1,41.0,2.0,41.95469,-87.800991,43.0,0.0,1.0,0.0,0.0,0.0,0.0,0.0,2013.0,8.0,8.0
913,1,41.0,2.0,41.95469,-87.800991,13.0,0.0,1.0,0.0,0.0,0.0,0.0,0.0,2013.0,8.0,8.0
914,1,36.0,11.0,41.944869,-87.832763,17.0,0.0,0.0,1.0,0.0,0.0,0.0,0.0,2013.0,8.0,8.0
915,1,10.0,89.0,41.723195000000004,-87.64997,4.0,0.0,0.0,0.0,1.0,0.0,0.0,0.0,2013.0,8.0,8.0
916,1,70.0,151.0,41.916265,-87.800515,37.0,0.0,0.0,1.0,0.0,0.0,0.0,0.0,2013.0,8.0,8.0
917,1,35.0,158.0,41.682587,-87.707973,48.0,0.0,0.0,1.0,0.0,0.0,0.0,0.0,2013.0,8.0,8.0
918,1,35.0,158.0,41.682587,-87.707973,50.0,0.0,0.0,1.0,0.0,0.0,0.0,0.0,2013.0,8.0,8.0
919,1,46.0,3.0,41.964242,-87.757639,28.0,0.0,0.0,1.0,0.0,0.0,0.0,0.0,2013.0,8.0,8.0
920,1,61.0,13.0,41.923738,-87.785288,36.0,0.0,0.0,1.0,0.0,0.0,0.0,0.0,2013.0,8.0,8.0
921,1,61.0,13.0,41.923738,-87.785288,45.0,0.0,1.0,0.0,0.0,0.0,0.0,0.0,2013.0,8.0,8.0
922,1,10.0,30.0,41.899229999999996,-87.716788,50.0,0.0,0.0,1.0,0.0,0.0,0.0,0.0,2013.0,8.0,8.0
923,1,22.0,61.0,41.801179,-87.679447,48.0,0.0,0.0,1.0,0.0,0.0,0.0,0.0,2013.0,8.0,8.0
924,1,52.0,65.0,41.778296999999995,-87.752411,11.0,0.0,0.0,1.0,0.0,0.0,0.0,0.0,2013.0,8.0,8.0
925,1,52.0,65.0,41.778296999999995,-87.752411,1.0,0.0,1.0,0.0,0.0,0.0,0.0,0.0,2013.0,8.0,8.0
926,1,67.0,66.0,41.77166,-87.703047,46.0,0.0,0.0,1.0,0.0,0.0,0.0,0.0,2013.0,8.0,8.0
927,1,77.0,80.0,41.754676,-87.612922,24.0,0.0,0.0,1.0,0.0,0.0,0.0,0.0,2013.0,8.0,8.0
928,1,50.0,82.0,41.803422999999995,-87.642984,2.0,0.0,1.0,0.0,0.0,0.0,0.0,0.0,2013.0,8.0,8.0
929,1,63.0,155.0,41.776156,-87.778927,20.0,0.0,0.0,1.0,0.0,0.0,0.0,0.0,2013.0,8.0,8.0
930,1,12.0,115.0,41.673408,-87.599862,50.0,0.0,0.0,1.0,0.0,0.0,0.0,0.0,2013.0,8.0,8.0
931,1,58.0,27.0,41.984809000000006,-87.728492,16.0,0.0,1.0,0.0,0.0,0.0,0.0,0.0,2013.0,8.0,8.0
932,1,91.0,9.0,41.992478000000006,-87.862995,38.0,0.0,1.0,0.0,0.0,0.0,0.0,0.0,2013.0,8.0,8.0
933,1,10.0,900.0,41.974689,-87.890615,20.0,0.0,1.0,0.0,0.0,0.0,0.0,0.0,2013.0,8.0,8.0
934,1,10.0,900.0,41.974689,-87.890615,21.0,0.0,1.0,0.0,0.0,0.0,0.0,0.0,2013.0,8.0,8.0
935,1,51.0,223.0,41.973845000000004,-87.805059,41.0,0.0,0.0,1.0,0.0,0.0,0.0,0.0,2013.0,8.0,8.0
936,1,82.0,225.0,41.743402,-87.731435,27.0,0.0,0.0,0.0,1.0,0.0,0.0,0.0,2013.0,8.0,8.0
937,1,65.0,227.0,41.728495,-87.60096300000001,5.0,0.0,0.0,0.0,1.0,0.0,0.0,0.0,2013.0,8.0,8.0
938,1,90.0,226.0,41.793818,-87.654234,30.0,0.0,0.0,1.0,0.0,0.0,0.0,0.0,2013.0,8.0,8.0
939,1,90.0,226.0,41.793818,-87.654234,5.0,0.0,1.0,0.0,0.0,0.0,0.0,0.0,2013.0,8.0,8.0
940,1,13.0,230.0,41.904194,-87.756155,21.0,0.0,0.0,1.0,0.0,0.0,0.0,0.0,2013.0,8.0,8.0
941,1,13.0,230.0,41.904194,-87.756155,2.0,0.0,0.0,0.0,1.0,0.0,0.0,0.0,2013.0,8.0,8.0
942,1,13.0,230.0,41.904194,-87.756155,8.0,0.0,1.0,0.0,0.0,0.0,0.0,0.0,2013.0,8.0,8.0
943,1,71.0,233.0,42.009876,-87.807277,50.0,0.0,0.0,1.0,0.0,0.0,0.0,0.0,2013.0,8.0,8.0
944,1,17.0,94.0,41.720848,-87.666014,8.0,0.0,1.0,0.0,0.0,0.0,0.0,0.0,2013.0,8.0,15.0
945,1,58.0,28.0,41.986921,-87.689778,24.0,0.0,0.0,0.0,1.0,0.0,0.0,0.0,2013.0,8.0,15.0
946,1,58.0,28.0,41.986921,-87.689778,47.0,0.0,1.0,0.0,0.0,0.0,0.0,0.0,2013.0,8.0,15.0
947,1,70.0,151.0,41.916265,-87.800515,9.0,0.0,1.0,0.0,0.0,0.0,0.0,0.0,2013.0,8.0,15.0
948,1,11.0,47.0,41.868142,-87.696269,22.0,0.0,0.0,1.0,0.0,0.0,0.0,0.0,2013.0,8.0,15.0
949,1,11.0,47.0,41.868142,-87.696269,29.0,0.0,1.0,0.0,0.0,0.0,0.0,0.0,2013.0,8.0,15.0
950,1,61.0,13.0,41.923738,-87.785288,40.0,0.0,0.0,1.0,0.0,0.0,0.0,0.0,2013.0,8.0,15.0
951,1,10.0,30.0,41.899229999999996,-87.716788,13.0,0.0,0.0,1.0,0.0,0.0,0.0,0.0,2013.0,8.0,15.0
952,1,10.0,30.0,41.899229999999996,-87.716788,41.0,0.0,0.0,1.0,0.0,0.0,0.0,0.0,2013.0,8.0,15.0
953,1,22.0,61.0,41.801179,-87.679447,33.0,0.0,1.0,0.0,0.0,0.0,0.0,0.0,2013.0,8.0,15.0
954,1,67.0,66.0,41.77166,-87.703047,31.0,0.0,1.0,0.0,0.0,0.0,0.0,0.0,2013.0,8.0,15.0
955,1,10.0,900.0,41.974689,-87.890615,7.0,0.0,0.0,1.0,0.0,0.0,0.0,0.0,2013.0,8.0,15.0
956,1,10.0,900.0,41.974689,-87.890615,36.0,0.0,0.0,1.0,0.0,0.0,0.0,0.0,2013.0,8.0,15.0
957,1,51.0,223.0,41.973845000000004,-87.805059,13.0,0.0,0.0,1.0,0.0,0.0,0.0,0.0,2013.0,8.0,15.0
958,1,65.0,227.0,41.728495,-87.60096300000001,40.0,0.0,0.0,1.0,0.0,0.0,0.0,0.0,2013.0,8.0,15.0
959,1,90.0,226.0,41.793818,-87.654234,12.0,0.0,1.0,0.0,0.0,0.0,0.0,0.0,2013.0,8.0,15.0
960,1,13.0,230.0,41.904194,-87.756155,15.0,0.0,0.0,1.0,0.0,0.0,0.0,0.0,2013.0,8.0,15.0
961,1,42.0,235.0,41.776428,-87.627096,34.0,0.0,0.0,1.0,0.0,0.0,0.0,0.0,2013.0,8.0,15.0
962,1,42.0,235.0,41.776428,-87.627096,7.0,0.0,0.0,0.0,1.0,0.0,0.0,0.0,2013.0,8.0,15.0
963,1,21.0,54.0,41.925652,-87.63359,45.0,0.0,1.0,0.0,0.0,0.0,0.0,0.0,2013.0,8.0,15.0
964,1,41.0,2.0,41.95469,-87.800991,34.0,0.0,0.0,1.0,0.0,0.0,0.0,0.0,2013.0,8.0,22.0
965,1,41.0,2.0,41.95469,-87.800991,12.0,0.0,1.0,0.0,0.0,0.0,0.0,0.0,2013.0,8.0,22.0
966,1,11.0,48.0,41.867108,-87.654224,31.0,0.0,0.0,1.0,0.0,0.0,0.0,0.0,2013.0,8.0,22.0
967,1,58.0,28.0,41.986921,-87.689778,7.0,0.0,0.0,1.0,0.0,0.0,0.0,0.0,2013.0,8.0,22.0
968,1,58.0,28.0,41.986921,-87.689778,7.0,0.0,1.0,0.0,0.0,0.0,0.0,0.0,2013.0,8.0,22.0
969,1,14.0,33.0,41.906638,-87.701431,16.0,0.0,0.0,1.0,0.0,0.0,0.0,0.0,2013.0,8.0,22.0
970,1,25.0,152.0,41.846075,-87.716277,3.0,0.0,0.0,0.0,1.0,0.0,0.0,0.0,2013.0,8.0,22.0
971,1,45.0,220.0,41.963976,-87.69181,4.0,0.0,0.0,1.0,0.0,0.0,0.0,0.0,2013.0,8.0,22.0
972,1,46.0,3.0,41.964242,-87.757639,23.0,0.0,1.0,0.0,0.0,0.0,0.0,0.0,2013.0,8.0,22.0
973,1,61.0,12.0,41.991429,-87.747113,5.0,0.0,0.0,1.0,0.0,0.0,0.0,0.0,2013.0,8.0,22.0
974,1,11.0,47.0,41.868142,-87.696269,13.0,0.0,0.0,1.0,0.0,0.0,0.0,0.0,2013.0,8.0,22.0
975,1,10.0,30.0,41.899229999999996,-87.716788,47.0,0.0,1.0,0.0,0.0,0.0,0.0,0.0,2013.0,8.0,22.0
976,1,22.0,61.0,41.801179,-87.679447,1.0,0.0,0.0,0.0,1.0,0.0,0.0,0.0,2013.0,8.0,22.0
977,1,67.0,66.0,41.77166,-87.703047,4.0,0.0,0.0,0.0,1.0,0.0,0.0,0.0,2013.0,8.0,22.0
978,1,67.0,66.0,41.77166,-87.703047,14.0,0.0,1.0,0.0,0.0,0.0,0.0,0.0,2013.0,8.0,22.0
979,1,50.0,82.0,41.803422999999995,-87.642984,15.0,0.0,0.0,1.0,0.0,0.0,0.0,0.0,2013.0,8.0,22.0
980,1,37.0,63.0,41.82561,-87.726549,6.0,0.0,0.0,1.0,0.0,0.0,0.0,0.0,2013.0,8.0,22.0
981,1,58.0,27.0,41.984809000000006,-87.728492,31.0,0.0,0.0,1.0,0.0,0.0,0.0,0.0,2013.0,8.0,22.0
982,1,58.0,27.0,41.984809000000006,-87.728492,6.0,0.0,0.0,0.0,1.0,0.0,0.0,0.0,2013.0,8.0,22.0
983,1,10.0,900.0,41.974689,-87.890615,31.0,0.0,0.0,1.0,0.0,0.0,0.0,0.0,2013.0,8.0,22.0
984,1,10.0,900.0,41.974689,-87.890615,33.0,0.0,1.0,0.0,0.0,0.0,0.0,0.0,2013.0,8.0,22.0
985,1,10.0,900.0,41.974689,-87.890615,6.0,0.0,1.0,0.0,0.0,0.0,0.0,0.0,2013.0,8.0,22.0
986,1,82.0,225.0,41.743402,-87.731435,21.0,0.0,1.0,0.0,0.0,0.0,0.0,0.0,2013.0,8.0,22.0
987,1,65.0,227.0,41.728495,-87.60096300000001,22.0,0.0,0.0,1.0,0.0,0.0,0.0,0.0,2013.0,8.0,22.0
988,1,39.0,228.0,41.951865999999995,-87.72505699999999,15.0,0.0,1.0,0.0,0.0,0.0,0.0,0.0,2013.0,8.0,22.0
989,1,58.0,231.0,41.98728,-87.666066,37.0,0.0,1.0,0.0,0.0,0.0,0.0,0.0,2013.0,8.0,22.0
990,1,17.0,232.0,41.912563,-87.66805500000001,3.0,0.0,0.0,1.0,0.0,0.0,0.0,0.0,2013.0,8.0,22.0
991,1,71.0,233.0,42.009876,-87.807277,48.0,0.0,1.0,0.0,0.0,0.0,0.0,0.0,2013.0,8.0,22.0
992,1,42.0,235.0,41.776428,-87.627096,15.0,0.0,0.0,1.0,0.0,0.0,0.0,0.0,2013.0,8.0,22.0
993,1,42.0,235.0,41.776428,-87.627096,18.0,0.0,1.0,0.0,0.0,0.0,0.0,0.0,2013.0,8.0,22.0
994,1,41.0,2.0,41.95469,-87.800991,35.0,0.0,1.0,0.0,0.0,0.0,0.0,0.0,2013.0,8.0,29.0
995,1,89.0,159.0,41.732984,-87.649642,19.0,0.0,0.0,1.0,0.0,0.0,0.0,0.0,2013.0,8.0,29.0
996,1,58.0,28.0,41.986921,-87.689778,17.0,0.0,1.0,0.0,0.0,0.0,0.0,0.0,2013.0,8.0,29.0
997,1,50.0,31.0,41.801497999999995,-87.763416,15.0,0.0,0.0,1.0,0.0,0.0,0.0,0.0,2013.0,8.0,29.0
998,1,50.0,31.0,41.801497999999995,-87.763416,9.0,0.0,1.0,0.0,0.0,0.0,0.0,0.0,2013.0,8.0,29.0
999,1,14.0,33.0,41.906638,-87.701431,15.0,0.0,0.0,1.0,0.0,0.0,0.0,0.0,2013.0,8.0,29.0
1000,1,10.0,89.0,41.723195000000004,-87.64997,5.0,0.0,0.0,1.0,0.0,0.0,0.0,0.0,2013.0,8.0,29.0
1001,1,11.0,90.0,41.868077,-87.666901,12.0,0.0,0.0,0.0,1.0,0.0,0.0,0.0,2013.0,8.0,29.0
1002,1,46.0,3.0,41.964242,-87.757639,30.0,0.0,0.0,1.0,0.0,0.0,0.0,0.0,2013.0,8.0,29.0
1003,1,70.0,8.0,42.008314,-87.77792099999999,41.0,0.0,0.0,1.0,0.0,0.0,0.0,0.0,2013.0,8.0,29.0
1004,1,33.0,95.0,41.704336,-87.70373599999999,28.0,0.0,0.0,1.0,0.0,0.0,0.0,0.0,2013.0,8.0,29.0
1005,1,17.0,39.0,41.911823999999996,-87.726737,19.0,0.0,0.0,1.0,0.0,0.0,0.0,0.0,2013.0,8.0,29.0
1006,1,52.0,114.0,41.798697,-87.736812,13.0,0.0,1.0,0.0,0.0,0.0,0.0,0.0,2013.0,8.0,29.0
1007,1,63.0,155.0,41.776156,-87.778927,3.0,0.0,1.0,0.0,0.0,0.0,0.0,0.0,2013.0,8.0,29.0
1008,1,24.0,128.0,41.704572,-87.56566600000001,39.0,0.0,0.0,1.0,0.0,0.0,0.0,0.0,2013.0,8.0,29.0
1009,1,40.0,221.0,41.659112,-87.53869300000001,32.0,0.0,0.0,1.0,0.0,0.0,0.0,0.0,2013.0,8.0,29.0
1010,1,91.0,9.0,41.992478000000006,-87.862995,31.0,0.0,0.0,1.0,0.0,0.0,0.0,0.0,2013.0,8.0,29.0
1011,1,91.0,9.0,41.992478000000006,-87.862995,38.0,0.0,1.0,0.0,0.0,0.0,0.0,0.0,2013.0,8.0,29.0
1012,1,91.0,9.0,41.992478000000006,-87.862995,27.0,0.0,1.0,0.0,0.0,0.0,0.0,0.0,2013.0,8.0,29.0
1013,1,10.0,900.0,41.974689,-87.890615,50.0,0.0,0.0,1.0,0.0,0.0,0.0,0.0,2013.0,8.0,29.0
1014,1,10.0,900.0,41.974689,-87.890615,50.0,0.0,0.0,1.0,0.0,0.0,0.0,0.0,2013.0,8.0,29.0
1015,1,10.0,900.0,41.974689,-87.890615,19.0,0.0,0.0,1.0,0.0,0.0,0.0,0.0,2013.0,8.0,29.0
1016,1,10.0,900.0,41.974689,-87.890615,16.0,0.0,0.0,1.0,0.0,0.0,0.0,0.0,2013.0,8.0,29.0
1017,1,10.0,900.0,41.974689,-87.890615,24.0,0.0,1.0,0.0,0.0,0.0,0.0,0.0,2013.0,8.0,29.0
1018,1,10.0,900.0,41.974689,-87.890615,1.0,0.0,1.0,0.0,0.0,0.0,0.0,0.0,2013.0,8.0,29.0
1019,1,10.0,900.0,41.974689,-87.890615,40.0,0.0,1.0,0.0,0.0,0.0,0.0,0.0,2013.0,8.0,29.0
1020,1,10.0,900.0,41.974689,-87.890615,50.0,0.0,1.0,0.0,0.0,0.0,0.0,0.0,2013.0,8.0,29.0
1021,1,10.0,900.0,41.974689,-87.890615,48.0,0.0,1.0,0.0,0.0,0.0,0.0,0.0,2013.0,8.0,29.0
1022,1,10.0,900.0,41.974689,-87.890615,31.0,0.0,1.0,0.0,0.0,0.0,0.0,0.0,2013.0,8.0,29.0
1023,1,10.0,900.0,41.974689,-87.890615,22.0,0.0,1.0,0.0,0.0,0.0,0.0,0.0,2013.0,8.0,29.0
1024,1,10.0,900.0,41.974689,-87.890615,50.0,0.0,1.0,0.0,0.0,0.0,0.0,0.0,2013.0,8.0,29.0
1025,1,48.0,222.0,41.925197999999995,-87.746381,9.0,0.0,1.0,0.0,0.0,0.0,0.0,0.0,2013.0,8.0,29.0
1026,1,82.0,225.0,41.743402,-87.731435,31.0,0.0,0.0,1.0,0.0,0.0,0.0,0.0,2013.0,8.0,29.0
1027,1,58.0,231.0,41.98728,-87.666066,39.0,0.0,0.0,1.0,0.0,0.0,0.0,0.0,2013.0,8.0,29.0
1028,1,71.0,233.0,42.009876,-87.807277,50.0,0.0,0.0,1.0,0.0,0.0,0.0,0.0,2013.0,8.0,29.0
1029,1,71.0,233.0,42.009876,-87.807277,50.0,0.0,0.0,1.0,0.0,0.0,0.0,0.0,2013.0,8.0,29.0
1030,1,71.0,233.0,42.009876,-87.807277,50.0,0.0,1.0,0.0,0.0,0.0,0.0,0.0,2013.0,8.0,29.0
1031,1,42.0,235.0,41.776428,-87.627096,12.0,0.0,1.0,0.0,0.0,0.0,0.0,0.0,2013.0,8.0,29.0
1032,1,22.0,54.0,41.921965,-87.632085,50.0,0.0,0.0,1.0,0.0,0.0,0.0,0.0,2013.0,9.0,6.0
1033,1,22.0,54.0,41.921965,-87.632085,50.0,0.0,1.0,0.0,0.0,0.0,0.0,0.0,2013.0,9.0,6.0
1034,1,22.0,54.0,41.921965,-87.632085,20.0,0.0,1.0,0.0,0.0,0.0,0.0,0.0,2013.0,9.0,6.0
1035,1,14.0,33.0,41.906638,-87.701431,32.0,0.0,1.0,0.0,0.0,0.0,0.0,0.0,2013.0,9.0,6.0
1036,1,70.0,151.0,41.916265,-87.800515,13.0,0.0,1.0,0.0,0.0,0.0,0.0,0.0,2013.0,9.0,6.0
1037,1,45.0,220.0,41.963976,-87.69181,50.0,0.0,0.0,1.0,0.0,0.0,0.0,0.0,2013.0,9.0,6.0
1038,1,46.0,3.0,41.964242,-87.757639,35.0,0.0,0.0,1.0,0.0,0.0,0.0,0.0,2013.0,9.0,6.0
1039,1,61.0,13.0,41.923738,-87.785288,36.0,0.0,0.0,1.0,0.0,0.0,0.0,0.0,2013.0,9.0,6.0
1040,1,10.0,30.0,41.899229999999996,-87.716788,45.0,0.0,1.0,0.0,0.0,0.0,0.0,0.0,2013.0,9.0,6.0
1041,1,22.0,61.0,41.801179,-87.679447,13.0,0.0,0.0,1.0,0.0,0.0,0.0,0.0,2013.0,9.0,6.0
1042,1,22.0,69.0,41.768388,-87.678649,17.0,0.0,0.0,1.0,0.0,0.0,0.0,0.0,2013.0,9.0,6.0
1043,1,64.0,77.0,41.778748,-87.586427,1.0,0.0,1.0,0.0,0.0,0.0,0.0,0.0,2013.0,9.0,6.0
1044,1,52.0,114.0,41.798697,-87.736812,14.0,0.0,1.0,0.0,0.0,0.0,0.0,0.0,2013.0,9.0,6.0
1045,1,58.0,27.0,41.984809000000006,-87.728492,19.0,0.0,1.0,0.0,0.0,0.0,0.0,0.0,2013.0,9.0,6.0
1046,1,91.0,9.0,41.992478000000006,-87.862995,30.0,0.0,1.0,0.0,0.0,0.0,0.0,0.0,2013.0,9.0,6.0
1047,1,10.0,900.0,41.974689,-87.890615,44.0,0.0,0.0,1.0,0.0,0.0,0.0,0.0,2013.0,9.0,6.0
1048,1,10.0,900.0,41.974689,-87.890615,39.0,0.0,0.0,1.0,0.0,0.0,0.0,0.0,2013.0,9.0,6.0
1049,1,10.0,900.0,41.974689,-87.890615,38.0,0.0,0.0,1.0,0.0,0.0,0.0,0.0,2013.0,9.0,6.0
1050,1,10.0,900.0,41.974689,-87.890615,50.0,0.0,0.0,1.0,0.0,0.0,0.0,0.0,2013.0,9.0,6.0
1051,1,10.0,900.0,41.974689,-87.890615,50.0,0.0,0.0,1.0,0.0,0.0,0.0,0.0,2013.0,9.0,6.0
1052,1,10.0,900.0,41.974689,-87.890615,14.0,0.0,0.0,0.0,1.0,0.0,0.0,0.0,2013.0,9.0,6.0
1053,1,10.0,900.0,41.974689,-87.890615,23.0,0.0,1.0,0.0,0.0,0.0,0.0,0.0,2013.0,9.0,6.0
1054,1,10.0,900.0,41.974689,-87.890615,33.0,0.0,1.0,0.0,0.0,0.0,0.0,0.0,2013.0,9.0,6.0
1055,1,10.0,900.0,41.974689,-87.890615,29.0,0.0,1.0,0.0,0.0,0.0,0.0,0.0,2013.0,9.0,6.0
1056,1,51.0,223.0,41.973845000000004,-87.805059,33.0,0.0,0.0,1.0,0.0,0.0,0.0,0.0,2013.0,9.0,6.0
1057,1,82.0,225.0,41.743402,-87.731435,13.0,0.0,1.0,0.0,0.0,0.0,0.0,0.0,2013.0,9.0,6.0
1058,1,39.0,228.0,41.951865999999995,-87.72505699999999,16.0,0.0,0.0,1.0,0.0,0.0,0.0,0.0,2013.0,9.0,6.0
1059,1,51.0,35.0,41.763733,-87.742302,31.0,0.0,1.0,0.0,0.0,0.0,0.0,0.0,2013.0,9.0,6.0
1060,1,71.0,233.0,42.009876,-87.807277,15.0,0.0,0.0,1.0,0.0,0.0,0.0,0.0,2013.0,9.0,6.0
1061,1,71.0,233.0,42.009876,-87.807277,18.0,0.0,1.0,0.0,0.0,0.0,0.0,0.0,2013.0,9.0,6.0
1062,1,42.0,235.0,41.776428,-87.627096,37.0,0.0,1.0,0.0,0.0,0.0,0.0,0.0,2013.0,9.0,6.0
1063,1,62.0,236.0,41.994679,-87.770899,10.0,0.0,1.0,0.0,0.0,0.0,0.0,0.0,2013.0,9.0,6.0
1064,1,41.0,2.0,41.95469,-87.800991,32.0,0.0,1.0,0.0,0.0,0.0,0.0,0.0,2013.0,9.0,12.0
1065,1,22.0,54.0,41.921965,-87.632085,42.0,0.0,0.0,1.0,0.0,0.0,0.0,0.0,2013.0,9.0,12.0
1066,1,36.0,11.0,41.944869,-87.832763,9.0,0.0,1.0,0.0,0.0,0.0,0.0,0.0,2013.0,9.0,12.0
1067,1,58.0,28.0,41.986921,-87.689778,45.0,0.0,1.0,0.0,0.0,0.0,0.0,0.0,2013.0,9.0,12.0
1068,1,11.0,90.0,41.868077,-87.666901,21.0,0.0,1.0,0.0,0.0,0.0,0.0,0.0,2013.0,9.0,12.0
1069,1,42.0,135.0,41.662014,-87.72460799999999,18.0,0.0,1.0,0.0,0.0,0.0,0.0,0.0,2013.0,9.0,12.0
1070,1,28.0,147.0,41.932094,-87.700117,13.0,0.0,1.0,0.0,0.0,0.0,0.0,0.0,2013.0,9.0,12.0
1071,1,61.0,13.0,41.923738,-87.785288,21.0,0.0,0.0,1.0,0.0,0.0,0.0,0.0,2013.0,9.0,12.0
1072,1,17.0,39.0,41.911823999999996,-87.726737,14.0,0.0,1.0,0.0,0.0,0.0,0.0,0.0,2013.0,9.0,12.0
1073,1,67.0,66.0,41.77166,-87.703047,39.0,0.0,0.0,1.0,0.0,0.0,0.0,0.0,2013.0,9.0,12.0
1074,1,52.0,114.0,41.798697,-87.736812,9.0,0.0,0.0,1.0,0.0,0.0,0.0,0.0,2013.0,9.0,12.0
1075,1,12.0,115.0,41.673408,-87.599862,47.0,0.0,0.0,1.0,0.0,0.0,0.0,0.0,2013.0,9.0,12.0
1076,1,12.0,115.0,41.673408,-87.599862,50.0,0.0,0.0,1.0,0.0,0.0,0.0,0.0,2013.0,9.0,12.0
1077,1,12.0,115.0,41.673408,-87.599862,39.0,0.0,0.0,1.0,0.0,0.0,0.0,0.0,2013.0,9.0,12.0
1078,1,10.0,102.0,41.750498,-87.605294,5.0,0.0,0.0,1.0,0.0,0.0,0.0,0.0,2013.0,9.0,12.0
1079,1,58.0,27.0,41.984809000000006,-87.728492,15.0,0.0,0.0,1.0,0.0,0.0,0.0,0.0,2013.0,9.0,12.0
1080,1,58.0,27.0,41.984809000000006,-87.728492,9.0,0.0,1.0,0.0,0.0,0.0,0.0,0.0,2013.0,9.0,12.0
1081,1,10.0,900.0,41.974689,-87.890615,39.0,0.0,1.0,0.0,0.0,0.0,0.0,0.0,2013.0,9.0,12.0
1082,1,10.0,900.0,41.974689,-87.890615,37.0,0.0,1.0,0.0,0.0,0.0,0.0,0.0,2013.0,9.0,12.0
1083,1,51.0,223.0,41.973845000000004,-87.805059,5.0,0.0,0.0,1.0,0.0,0.0,0.0,0.0,2013.0,9.0,12.0
1084,1,82.0,225.0,41.743402,-87.731435,47.0,0.0,1.0,0.0,0.0,0.0,0.0,0.0,2013.0,9.0,12.0
1085,1,17.0,232.0,41.912563,-87.66805500000001,2.0,0.0,1.0,0.0,0.0,0.0,0.0,0.0,2013.0,9.0,12.0
1086,1,42.0,235.0,41.776428,-87.627096,18.0,0.0,0.0,1.0,0.0,0.0,0.0,0.0,2013.0,9.0,12.0
1087,1,22.0,54.0,41.921965,-87.632085,12.0,0.0,0.0,1.0,0.0,0.0,0.0,0.0,2013.0,9.0,19.0
1088,1,36.0,11.0,41.944869,-87.832763,10.0,0.0,0.0,1.0,0.0,0.0,0.0,0.0,2013.0,9.0,19.0
1089,1,10.0,89.0,41.723195000000004,-87.64997,6.0,0.0,0.0,1.0,0.0,0.0,0.0,0.0,2013.0,9.0,19.0
1090,1,11.0,90.0,41.868077,-87.666901,6.0,0.0,1.0,0.0,0.0,0.0,0.0,0.0,2013.0,9.0,19.0
1091,1,61.0,12.0,41.991429,-87.747113,11.0,0.0,0.0,1.0,0.0,0.0,0.0,0.0,2013.0,9.0,19.0
1092,1,61.0,13.0,41.923738,-87.785288,26.0,0.0,1.0,0.0,0.0,0.0,0.0,0.0,2013.0,9.0,19.0
1093,1,10.0,30.0,41.899229999999996,-87.716788,21.0,0.0,1.0,0.0,0.0,0.0,0.0,0.0,2013.0,9.0,19.0
1094,1,40.0,221.0,41.659112,-87.53869300000001,11.0,0.0,1.0,0.0,0.0,0.0,0.0,0.0,2013.0,9.0,19.0
1095,1,10.0,900.0,41.974689,-87.890615,13.0,0.0,0.0,1.0,0.0,0.0,0.0,0.0,2013.0,9.0,19.0
1096,1,10.0,900.0,41.974689,-87.890615,7.0,0.0,0.0,1.0,0.0,0.0,0.0,0.0,2013.0,9.0,19.0
1097,1,10.0,900.0,41.974689,-87.890615,27.0,0.0,0.0,1.0,0.0,0.0,0.0,0.0,2013.0,9.0,19.0
1098,1,46.0,3.0,41.964242,-87.757639,3.0,0.0,1.0,0.0,0.0,0.0,0.0,0.0,2013.0,9.0,26.0
1099,1,63.0,155.0,41.776156,-87.778927,4.0,0.0,0.0,1.0,0.0,0.0,0.0,0.0,2013.0,9.0,26.0
1100,1,10.0,900.0,41.974689,-87.890615,39.0,0.0,0.0,1.0,0.0,0.0,0.0,0.0,2013.0,9.0,26.0
1101,1,51.0,35.0,41.763733,-87.742302,6.0,0.0,0.0,1.0,0.0,0.0,0.0,0.0,2013.0,9.0,26.0
